relative_path	line_no	trigger	classification	matched_text	required_action
manuscript/AI_PRE_REVIEW_EXPOSURE_REPORT_2026-05-01.md	57	treatment_or_therapeutic_guidance	safe_boundary_statement	not be framed as a clinical predictor, therapeutic guide, or broad proof that	No rewrite required if this remains a negative/boundary statement.
manuscript/AI_PRE_REVIEW_EXPOSURE_REPORT_2026-05-01.md	171	full_pretrained_nichenet	safe_boundary_statement	should not be described as a full pretrained NicheNet network benchmark unless	No rewrite required if this remains a negative/boundary statement.
manuscript/AI_PRE_REVIEW_EXPOSURE_REPORT_2026-05-01.md	174	broad_superiority	safe_boundary_statement	discordance, not broad superiority.	No rewrite required if this remains a negative/boundary statement.
manuscript/AI_PRE_REVIEW_EXPOSURE_REPORT_2026-05-01.md	394	guaranteed_acceptance_or_publication	safe_boundary_statement	1. Guaranteed publication in a 20-50 IF journal.	No rewrite required if this remains a negative/boundary statement.
manuscript/AI_PRE_REVIEW_EXPOSURE_REPORT_2026-05-01.md	395	clinical_utility;treatment_or_therapeutic_guidance	safe_boundary_statement	2. Clinical utility, diagnosis, prognosis, or therapy guidance.	No rewrite required if this remains a negative/boundary statement.
manuscript/AI_PRE_REVIEW_EXPOSURE_REPORT_2026-05-01.md	396	broad_superiority	safe_boundary_statement	3. Broad superiority over all CCC tools.	No rewrite required if this remains a negative/boundary statement.
manuscript/AI_PRE_REVIEW_EXPOSURE_REPORT_2026-05-01.md	397	full_pretrained_nichenet	safe_boundary_statement	4. Full pretrained NicheNet benchmarking.	No rewrite required if this remains a negative/boundary statement.
manuscript/AI_PRE_REVIEW_EXPOSURE_REPORT_2026-05-01.md	430	clinical_utility;treatment_or_therapeutic_guidance	safe_boundary_statement	"2. Do not use ""driver"", ""causal"", ""therapeutic target"", or ""clinical utility""."	No rewrite required if this remains a negative/boundary statement.
manuscript/AI_PRE_REVIEW_EXPOSURE_REPORT_2026-05-01.md	528	broad_superiority	safe_boundary_statement	5. public-data-only evidence supports a methods paper better than a definitive	No rewrite required if this remains a negative/boundary statement.
manuscript/AI_PRE_REVIEW_EXPOSURE_REPORT_2026-05-01.md	535	guaranteed_acceptance_or_publication	safe_boundary_statement	> 20-50 IF methods submission, not a guaranteed top-journal acceptance claim.	No rewrite required if this remains a negative/boundary statement.
manuscript/FINAL_SUBMISSION_BLOCKERS.tsv	19	guaranteed_acceptance_or_publication	safe_boundary_statement	"forbidden_positive_claims::manuscript_draft	pass	pass	No forbidden positive claim patterns detected.	Remove or rewrite any positive clinical, guaranteed-publication, or broad-superiority claims."	No rewrite required if this remains a negative/boundary statement.
manuscript/IF20_50_DISTANCE_REPORT.md	46	treatment_or_therapeutic_guidance	safe_boundary_statement	- S1. Keep the completed pre-specified 10,000-permutation GSE154778 confirmatory subset as statistical-strengthening evidence, without promoting computational signals into biological mechanisms. Expected effect: Improves statistical defensibility; still does not create causal, clinical, therapeutic, or mechanism evidence.	No rewrite required if this remains a negative/boundary statement.
manuscript/IF20_50_DISTANCE_REPORT.md	113	guaranteed_acceptance_or_publication	safe_boundary_statement	This report does not guarantee acceptance in any journal. It defines the shortest defensible route to a 20-50 IF submission package and the extra work most likely to reduce reviewer risk.	No rewrite required if this remains a negative/boundary statement.
manuscript/IF20_50_GAP_MATRIX.tsv	8	broad_superiority	safe_boundary_statement	"comparator_benchmarking	G07	Comparator scope	green	1.0	low	no	manuscript/comparator_scope/COMPARATOR_SCOPE_REPORT.md	Keep broad-superiority language forbidden and do not claim comparator completeness outside the primary scRNA scope	NA"	No rewrite required if this remains a negative/boundary statement.
manuscript/IF20_50_SUPPLEMENTATION_PLAN.tsv	6	treatment_or_therapeutic_guidance	safe_boundary_statement	"S1	Keep the completed pre-specified 10,000-permutation GSE154778 confirmatory subset as statistical-strengthening evidence, without promoting computational signals into biological mechanisms.	high_impact_strengthening	The higher-resolution confirmatory subset has been executed, reducing reviewer concern that the key p-values and FDR values are only 1000-permutation resolution.	Improves statistical defensibility; still does not create causal, clinical, therapeutic, or mechanism evidence.	done	no"	No rewrite required if this remains a negative/boundary statement.
manuscript/JOURNAL_TARGETS_20_50.tsv	2	clinical_utility;broad_superiority;full_pretrained_nichenet	safe_boundary_statement	"1	Nature Methods	Springer Nature	32.1	51.7	2024 Journal Impact Factor	primary_methods_target	5	best_aligned_high_risk_first_submission	Best fit for a reusable biological method with a new mathematical object, simulation validation, public benchmarks, and software release.	Zenodo DOI; frozen figures; clear methods text; no overclaiming beyond LIANA and bounded nichenetr-engine evidence.	Do not claim clinical utility, full pretrained NicheNet benchmarking, or broad superiority over all CCC tools.	False	https://www.nature.com/nmeth/journal-impact	2026-04-30"	No rewrite required if this remains a negative/boundary statement.
manuscript/JOURNAL_TARGETS_20_50.tsv	5	treatment_or_therapeutic_guidance	safe_boundary_statement	"4	Nature Cancer	Springer Nature	28.5	28.6	2024 Journal Impact Factor	cancer_biology_stretch_route	3	not_primary_without_biology_validation	Good disease-field visibility, but likely requires stronger cancer biology, histology, clinical, or perturbation validation than available now.	External biological validation or a much deeper public cancer atlas story; journal-specific disease relevance.	Do not imply clinical or therapeutic relevance from computational frustration scores alone.	False	https://www.nature.com/natcancer/journal-impact	2026-04-30"	No rewrite required if this remains a negative/boundary statement.
manuscript/NATURE_METHODS_FORMAT_AUDIT_REPORT.md	17	guaranteed_acceptance_or_publication	safe_boundary_statement	This audit is a local pre-submission check and does not guarantee acceptance.	No rewrite required if this remains a negative/boundary statement.
manuscript/NATURE_METHODS_GO_NO_GO_REPORT.md	29	guaranteed_acceptance_or_publication	safe_boundary_statement	This report checks local readiness. It does not guarantee journal acceptance.	No rewrite required if this remains a negative/boundary statement.
manuscript/SCI20_50_ACTION_BOARD.md	11	guaranteed_acceptance_or_publication	safe_boundary_statement	This board does not guarantee acceptance. It defines the strongest defensible	No rewrite required if this remains a negative/boundary statement.
manuscript/SCI20_50_ACTION_BOARD.md	34	full_pretrained_nichenet	safe_boundary_statement	a project-curated TME prior matrix, not a full pretrained NicheNet network.	No rewrite required if this remains a negative/boundary statement.
manuscript/SCI20_50_ACTION_BOARD.md	35	broad_superiority	safe_boundary_statement	4. Avoid broad superiority language over CellChat, CellPhoneDB, LIANA, NicheNet,	No rewrite required if this remains a negative/boundary statement.
manuscript/SCI20_50_ACTION_BOARD.md	51	clinical_utility;broad_superiority;full_pretrained_nichenet	safe_boundary_statement	- Boundary: Do not claim clinical utility, full pretrained NicheNet benchmarking, or broad superiority over all CCC tools.	No rewrite required if this remains a negative/boundary statement.
manuscript/SCI20_50_ACTION_BOARD.md	84	treatment_or_therapeutic_guidance	safe_boundary_statement	- Boundary: Do not imply clinical or therapeutic relevance from computational frustration scores alone.	No rewrite required if this remains a negative/boundary statement.
manuscript/SCI20_50_POSITIONING_NOTE.md	31	broad_superiority	safe_boundary_statement	- broad superiority over CellChat, CellPhoneDB, NicheNet, LIANA, or niche-DE;	No rewrite required if this remains a negative/boundary statement.
manuscript/SCI20_50_POSITIONING_NOTE.md	32	full_pretrained_nichenet	safe_boundary_statement	- full pretrained NicheNet network benchmarking, because the current nichenetr run uses a project-curated TME prior matrix;	No rewrite required if this remains a negative/boundary statement.
manuscript/SCI20_50_POSITIONING_NOTE.md	34	treatment_or_therapeutic_guidance	safe_boundary_statement	- clinical or therapeutic claims;	No rewrite required if this remains a negative/boundary statement.
manuscript/SCI20_50_POSITIONING_NOTE.md	52	full_pretrained_nichenet	safe_boundary_statement	2. The manuscript does not imply use of the full pretrained NicheNet network unless that resource is explicitly added later.	No rewrite required if this remains a negative/boundary statement.
manuscript/SCI20_50_POSITIONING_NOTE.md	53	broad_superiority	safe_boundary_statement	3. The LIANA full-comparator section is kept as one external benchmark, not broad CCC-tool superiority.	No rewrite required if this remains a negative/boundary statement.
manuscript/SCI20_50_SUBMISSION_GATES.tsv	8	broad_superiority	safe_boundary_statement	"G7	internal_lr_baseline	pass	benchmarks/results/comparator_readiness_matrix.csv;benchmarks/results/tool_comparison.csv	LRProductBaseline is completed and shows SheafSignal is not reducible to LR product intensity.	Use discordance examples, not superiority language."	No rewrite required if this remains a negative/boundary statement.
manuscript/SCI20_50_SUBMISSION_GATES.tsv	9	broad_superiority	safe_boundary_statement	"G8	external_liana_comparator	pass	benchmarks/results/external_comparator_gate_summary.csv;benchmarks/results/gse154778_pdac_scrna/comparators/sheafsignal_vs_liana.csv;benchmarks/results/gse72056_melanoma_scrna/comparators/sheafsignal_vs_liana.csv;benchmarks/results/gse176078_brca_scrna/comparators/sheafsignal_vs_liana.csv	Full LIANA imports exist for all three public scRNA-seq benchmarks.	Use LIANA as one external comparator; broad CCC-tool superiority still requires careful scope or additional tools."	No rewrite required if this remains a negative/boundary statement.
manuscript/SCI20_50_SUBMISSION_GATES.tsv	10	full_pretrained_nichenet	safe_boundary_statement	"G9	mechanistic_comparator	pass_with_boundary	benchmarks/results/comparator_readiness_matrix.csv;benchmarks/results/gse154778_pdac_scrna/comparators/sheafsignal_vs_nichenet.csv;benchmarks/results/gse72056_melanoma_scrna/comparators/sheafsignal_vs_nichenet.csv;benchmarks/results/gse176078_brca_scrna/comparators/sheafsignal_vs_nichenet.csv;benchmarks/results/gse154778_pdac_scrna/comparators/sheafsignal_vs_mechanistictargetprior.csv;benchmarks/results/gse72056_melanoma_scrna/comparators/sheafsignal_vs_mechanistictargetprior.csv;benchmarks/results/gse176078_brca_scrna/comparators/sheafsignal_vs_mechanistictargetprior.csv	NicheNet/nichenetr-engine imports and MechanisticTargetPrior outputs exist for all three public scRNA-seq benchmarks.	Current NicheNet run uses official nichenetr scoring with the project-curated TME prior matrix; do not imply full pretrained NicheNet network benchmarking."	No rewrite required if this remains a negative/boundary statement.
manuscript/SCI_AUTHOR_TODO.md	29	treatment_or_therapeutic_guidance	safe_boundary_statement	5. Keep all clinical and therapeutic wording inside boundary statements only.	No rewrite required if this remains a negative/boundary statement.
manuscript/SCI_COVER_LETTER_NatureMethods.md	27	clinical_utility;treatment_or_therapeutic_guidance	safe_boundary_statement	It does not claim clinical utility, treatment guidance, treatment-response	No rewrite required if this remains a negative/boundary statement.
manuscript/SCI_COVER_LETTER_NatureMethods.md	28	guaranteed_acceptance_or_publication	safe_boundary_statement	prediction, guaranteed publication or broad superiority over all communication	No rewrite required if this remains a negative/boundary statement.
manuscript/SCI_MANUSCRIPT_V1.md	143	broad_superiority	safe_boundary_statement	support a broad superiority claim over all cell-cell communication tools. The	No rewrite required if this remains a negative/boundary statement.
manuscript/SCI_MANUSCRIPT_V1.md	181	full_pretrained_nichenet	safe_boundary_statement	NicheNet-related analysis is not a full pretrained NicheNet network benchmark.	No rewrite required if this remains a negative/boundary statement.
manuscript/SCI_MANUSCRIPT_V1.md	229	broad_superiority	safe_boundary_statement	and complementarity, not broad superiority.	No rewrite required if this remains a negative/boundary statement.
manuscript/SCI_MANUSCRIPT_V1.md	266	treatment_or_therapeutic_guidance	safe_boundary_statement	utility, treatment guidance, treatment-response prediction, guaranteed journal	No rewrite required if this remains a negative/boundary statement.
manuscript/SCI_MANUSCRIPT_V1.md	267	broad_superiority	safe_boundary_statement	acceptance or broad superiority over all cell-cell communication tools.	No rewrite required if this remains a negative/boundary statement.
manuscript/SCI_MANUSCRIPT_V1_claim_tracked.md	164	broad_superiority	safe_boundary_statement	support a broad superiority claim over all cell-cell communication tools. The	No rewrite required if this remains a negative/boundary statement.
manuscript/SCI_MANUSCRIPT_V1_claim_tracked.md	202	full_pretrained_nichenet	safe_boundary_statement	NicheNet-related analysis is not a full pretrained NicheNet network benchmark.	No rewrite required if this remains a negative/boundary statement.
manuscript/SCI_MANUSCRIPT_V1_claim_tracked.md	250	broad_superiority	safe_boundary_statement	and complementarity, not broad superiority.	No rewrite required if this remains a negative/boundary statement.
manuscript/SCI_MANUSCRIPT_V1_claim_tracked.md	287	treatment_or_therapeutic_guidance	safe_boundary_statement	utility, treatment guidance, treatment-response prediction, guaranteed journal	No rewrite required if this remains a negative/boundary statement.
manuscript/SCI_MANUSCRIPT_V1_claim_tracked.md	288	broad_superiority	safe_boundary_statement	acceptance or broad superiority over all cell-cell communication tools.	No rewrite required if this remains a negative/boundary statement.
manuscript/SCI_MANUSCRIPT_V2_EDITORIAL_AUDIT.tsv	3	treatment_or_therapeutic_guidance	safe_boundary_statement	"boundary_statement_present	pass	Boundary Statement section	Keep clinical and therapeutic boundaries explicit."	No rewrite required if this remains a negative/boundary statement.
manuscript/SCI_MANUSCRIPT_V2_EDITORIAL_AUDIT.tsv	6	treatment_or_therapeutic_guidance;broad_superiority	safe_boundary_statement	"forbidden_positive_claims_absent	pass	no forbidden positive claim patterns	Rewrite any guarantee, broad-superiority, clinical-utility or therapeutic-guidance wording."	No rewrite required if this remains a negative/boundary statement.
manuscript/SCI_MANUSCRIPT_V2_POLISHED.md	142	broad_superiority	safe_boundary_statement	### Comparator alignment shows complementarity rather than broad superiority	No rewrite required if this remains a negative/boundary statement.
manuscript/SCI_MANUSCRIPT_V2_POLISHED.md	154	full_pretrained_nichenet	safe_boundary_statement	matrix, not a full pretrained NicheNet network benchmark. For this reason, the	No rewrite required if this remains a negative/boundary statement.
manuscript/SCI_MANUSCRIPT_V2_POLISHED.md	155	broad_superiority	safe_boundary_statement	manuscript does not claim broad superiority over NicheNet, CellChat,	No rewrite required if this remains a negative/boundary statement.
manuscript/SCI_MANUSCRIPT_V2_POLISHED.md	195	broad_superiority	safe_boundary_statement	superiority language and treats comparator evidence as a test of alignment,	No rewrite required if this remains a negative/boundary statement.
manuscript/SCI_MANUSCRIPT_V2_POLISHED.md	204	clinical_utility;treatment_or_therapeutic_guidance	safe_boundary_statement	does not provide evidence for clinical utility, treatment guidance or	No rewrite required if this remains a negative/boundary statement.
manuscript/SCI_MANUSCRIPT_V2_POLISHED.md	205	treatment_or_therapeutic_guidance	safe_boundary_statement	therapeutic recommendations.	No rewrite required if this remains a negative/boundary statement.
manuscript/SCI_MANUSCRIPT_V2_POLISHED.md	257	broad_superiority	safe_boundary_statement	alignment and complementarity, not broad tool superiority.	No rewrite required if this remains a negative/boundary statement.
manuscript/SCI_MANUSCRIPT_V2_POLISHED.md	294	treatment_or_therapeutic_guidance	safe_boundary_statement	utility, treatment guidance, treatment-response prediction, guaranteed journal	No rewrite required if this remains a negative/boundary statement.
manuscript/SCI_MANUSCRIPT_V2_POLISHED.md	295	broad_superiority	safe_boundary_statement	acceptance or broad superiority over established cell-cell communication	No rewrite required if this remains a negative/boundary statement.
manuscript/SCI_MANUSCRIPT_V2_POLISHED_claim_tracked.md	9	clinical_utility;treatment_or_therapeutic_guidance	safe_boundary_statement	| `C1_method_object` | SheafSignal models communication as a sheaf-valued graph flow. | `src/sheafsignal and Methods text` | methodological formulation | do not claim clinical utility or therapeutic guidance |	No rewrite required if this remains a negative/boundary statement.
manuscript/SCI_MANUSCRIPT_V2_POLISHED_claim_tracked.md	14	broad_superiority	safe_boundary_statement	| `C6_comparators` | Comparator results support alignment and complementarity. | `benchmarks/results/tool_comparison.csv` | alignment, non-equivalence and bounded comparison | do not claim broad superiority over all CCC tools |	No rewrite required if this remains a negative/boundary statement.
manuscript/SHEAFSIGNAL_STATUS_DASHBOARD_2026-05-02.md	31	broad_superiority	safe_boundary_statement	| Comparator scope | Green | Primary scRNA comparator scope is complete and locked; broad superiority remains forbidden | Preserve primary-scope boundary |	No rewrite required if this remains a negative/boundary statement.
manuscript/SHEAFSIGNAL_STATUS_DASHBOARD_2026-05-02.md	90	clinical_utility;treatment_or_therapeutic_guidance	safe_boundary_statement	- Do not claim clinical utility, therapeutic guidance, or patient-level decision value.	No rewrite required if this remains a negative/boundary statement.
manuscript/SHEAFSIGNAL_STATUS_DASHBOARD_2026-05-02.md	91	broad_superiority	safe_boundary_statement	- Do not claim broad superiority over all CCC tools.	No rewrite required if this remains a negative/boundary statement.
manuscript/SHEAFSIGNAL_STATUS_GATES_2026-05-02.tsv	8	broad_superiority	safe_boundary_statement	"G07	Comparator scope	green	Primary scRNA comparator scope is programmatically locked and passes: LRProductBaseline, LIANA, MechanisticTargetPrior, bounded NicheNet/nichenetr-engine, CellPhoneDB and CellChat are complete for GSE72056, GSE154778 and GSE176078; demo/Visium/GSE103322/niche-DE are outside main comparator claims	manuscript/comparator_scope/COMPARATOR_SCOPE_REPORT.md	Keep broad-superiority language forbidden and do not claim comparator completeness outside the primary scRNA scope	no"	No rewrite required if this remains a negative/boundary statement.
manuscript/SUBMISSION_READINESS_REPORT.md	47	broad_superiority	safe_boundary_statement	- `G7` `pass`: LRProductBaseline is completed and shows SheafSignal is not reducible to LR product intensity. Remaining: Use discordance examples, not superiority language.	No rewrite required if this remains a negative/boundary statement.
manuscript/SUBMISSION_READINESS_REPORT.md	48	broad_superiority	safe_boundary_statement	- `G8` `pass`: Full LIANA imports exist for all three public scRNA-seq benchmarks. Remaining: Use LIANA as one external comparator; broad CCC-tool superiority still requires careful scope or additional tools.	No rewrite required if this remains a negative/boundary statement.
manuscript/SUBMISSION_READINESS_REPORT.md	49	full_pretrained_nichenet	safe_boundary_statement	- `G9` `pass_with_boundary`: NicheNet/nichenetr-engine imports and MechanisticTargetPrior outputs exist for all three public scRNA-seq benchmarks. Remaining: Current NicheNet run uses official nichenetr scoring with the project-curated TME prior matrix; do not imply full pretrained NicheNet network benchmarking.	No rewrite required if this remains a negative/boundary statement.
manuscript/SUBMISSION_READINESS_REPORT.md	76	guaranteed_acceptance_or_publication	safe_boundary_statement	- Do not guarantee acceptance in any journal.	No rewrite required if this remains a negative/boundary statement.
manuscript/SUBMISSION_READINESS_REPORT.md	77	clinical_utility;treatment_or_therapeutic_guidance	safe_boundary_statement	- Do not claim clinical utility, therapeutic recommendations, or treatment-response prediction.	No rewrite required if this remains a negative/boundary statement.
manuscript/SUBMISSION_READINESS_REPORT.md	78	full_pretrained_nichenet	safe_boundary_statement	- Do not claim full pretrained NicheNet network benchmarking unless that resource is explicitly added.	No rewrite required if this remains a negative/boundary statement.
manuscript/SUBMISSION_READINESS_REPORT.md	79	broad_superiority	safe_boundary_statement	- Do not claim broad superiority over all CCC tools; CellChat and CellPhoneDB are complete only for the primary scRNA-seq scope, while demo/Visium/GSE103322 and niche-DE remain outside that comparator claim.	No rewrite required if this remains a negative/boundary statement.
manuscript/SUPERGROK_MAJOR_REVISION_RESPONSE_STATUS_2026-05-01.md	135	clinical_utility;treatment_or_therapeutic_guidance	safe_boundary_statement	- Clinical utility, treatment guidance or therapeutic relevance.	No rewrite required if this remains a negative/boundary statement.
manuscript/SUPERGROK_MAJOR_REVISION_RESPONSE_STATUS_2026-05-01.md	136	broad_superiority	safe_boundary_statement	- Broad superiority over CellChat, CellPhoneDB, LIANA, NicheNet or niche-DE.	No rewrite required if this remains a negative/boundary statement.
manuscript/claim_hardening/CLAIM_HARDENING_AUDIT.tsv	2	clinical_utility;treatment_or_therapeutic_guidance	safe_boundary_statement	"manuscript/SCI_MANUSCRIPT_V2_POLISHED.md	204	clinical_or_therapeutic	boundary_context	clinical utility	does not provide evidence for clinical utility, treatment guidance or	Keep only if explicitly framed as computational/hypothesis-generating."	No rewrite required if this remains a negative/boundary statement.
manuscript/claim_hardening/CLAIM_HARDENING_AUDIT.tsv	3	treatment_or_therapeutic_guidance	safe_boundary_statement	"manuscript/SCI_MANUSCRIPT_V2_POLISHED.md	205	clinical_or_therapeutic	boundary_context	therapeutic	therapeutic recommendations.	Keep only if explicitly framed as computational/hypothesis-generating."	No rewrite required if this remains a negative/boundary statement.
manuscript/claim_hardening/CLAIM_HARDENING_AUDIT.tsv	4	treatment_or_therapeutic_guidance	safe_boundary_statement	"manuscript/SCI_MANUSCRIPT_V2_POLISHED.md	294	clinical_or_therapeutic	boundary_context	treatment guidance	utility, treatment guidance, treatment-response prediction, guaranteed journal	Keep only if explicitly framed as computational/hypothesis-generating."	No rewrite required if this remains a negative/boundary statement.
manuscript/claim_hardening/CLAIM_HARDENING_AUDIT.tsv	5	clinical_utility;treatment_or_therapeutic_guidance	safe_boundary_statement	"manuscript/SCI_MANUSCRIPT_V2_POLISHED_claim_tracked.md	9	clinical_or_therapeutic	boundary_context	clinical utility	| `C1_method_object` | SheafSignal models communication as a sheaf-valued graph flow. | `src/sheafsignal and Methods text` | methodological formulation | do not claim clinical utility or therapeutic guidance |	Keep only if explicitly framed as computational/hypothesis-generating."	No rewrite required if this remains a negative/boundary statement.
manuscript/claim_hardening/CLAIM_HARDENING_AUDIT.tsv	6	treatment_or_therapeutic_guidance	safe_boundary_statement	"manuscript/nature_methods_package/01_abstract.md	24	clinical_or_therapeutic	boundary_context	therapeutic	Boundary: this abstract draft makes no clinical, therapeutic, or guaranteed	Keep only if explicitly framed as computational/hypothesis-generating."	No rewrite required if this remains a negative/boundary statement.
manuscript/claim_hardening/CLAIM_HARDENING_AUDIT.tsv	7	clinical_utility;treatment_or_therapeutic_guidance	safe_boundary_statement	"manuscript/nature_methods_package/09_full_manuscript_draft.md	204	clinical_or_therapeutic	boundary_context	clinical utility	does not provide evidence for clinical utility, treatment guidance or	Keep only if explicitly framed as computational/hypothesis-generating."	No rewrite required if this remains a negative/boundary statement.
manuscript/claim_hardening/CLAIM_HARDENING_AUDIT.tsv	8	treatment_or_therapeutic_guidance	safe_boundary_statement	"manuscript/nature_methods_package/09_full_manuscript_draft.md	205	clinical_or_therapeutic	boundary_context	therapeutic	therapeutic recommendations.	Keep only if explicitly framed as computational/hypothesis-generating."	No rewrite required if this remains a negative/boundary statement.
manuscript/claim_hardening/CLAIM_HARDENING_AUDIT.tsv	9	treatment_or_therapeutic_guidance	safe_boundary_statement	"manuscript/nature_methods_package/09_full_manuscript_draft.md	294	clinical_or_therapeutic	boundary_context	treatment guidance	utility, treatment guidance, treatment-response prediction, guaranteed journal	Keep only if explicitly framed as computational/hypothesis-generating."	No rewrite required if this remains a negative/boundary statement.
manuscript/comparator_scope/COMPARATOR_SCOPE_AUDIT.tsv	21	broad_superiority	safe_boundary_statement	"text_scope::comparator_claim_scan	pass					No stale comparator-pending or positive broad-superiority claims detected."	No rewrite required if this remains a negative/boundary statement.
manuscript/external_comparator_gate_summary.tsv	2	broad_superiority	safe_boundary_statement	"primary_scrna_comparator_scope	satisfied_primary_scrna_scope	True	6	6	3	3	0	0	Primary scRNA comparator scope is satisfied for LRProductBaseline, LIANA, MechanisticTargetPrior, bounded NicheNet/nichenetr-engine, CellPhoneDB and CellChat. Do not claim broad CCC-tool superiority or completeness for demo, Visium, GSE103322, or niche-DE.	Keep comparator claims limited to the completed primary scRNA scope."	No rewrite required if this remains a negative/boundary statement.
manuscript/figure_legends/01_main_figure_legends.md	10	clinical_utility	safe_boundary_statement	mathematical-object claim only; it does not claim clinical utility or broad	No rewrite required if this remains a negative/boundary statement.
manuscript/figure_legends/01_main_figure_legends.md	11	broad_superiority	safe_boundary_statement	superiority over existing communication tools.	No rewrite required if this remains a negative/boundary statement.
manuscript/figure_legends/01_main_figure_legends.md	56	broad_superiority	safe_boundary_statement	This figure supports benchmarkability and complementarity; it must not be captioned as broad superiority over all cell-cell communication tools.	No rewrite required if this remains a negative/boundary statement.
manuscript/figure_legends/02_supplementary_figure_legends.md	13	treatment_or_therapeutic_guidance	safe_boundary_statement	therapeutic claim.	No rewrite required if this remains a negative/boundary statement.
manuscript/figure_legends/02_supplementary_figure_legends.md	21	treatment_or_therapeutic_guidance	safe_boundary_statement	therapeutic claim.	No rewrite required if this remains a negative/boundary statement.
manuscript/figure_legends/02_supplementary_figure_legends.md	29	treatment_or_therapeutic_guidance	safe_boundary_statement	therapeutic claim.	No rewrite required if this remains a negative/boundary statement.
manuscript/figure_legends/02_supplementary_figure_legends.md	37	treatment_or_therapeutic_guidance	safe_boundary_statement	therapeutic claim.	No rewrite required if this remains a negative/boundary statement.
manuscript/figure_legends/02_supplementary_figure_legends.md	45	treatment_or_therapeutic_guidance	safe_boundary_statement	therapeutic claim.	No rewrite required if this remains a negative/boundary statement.
manuscript/figure_legends/02_supplementary_figure_legends.md	53	treatment_or_therapeutic_guidance	safe_boundary_statement	therapeutic claim.	No rewrite required if this remains a negative/boundary statement.
manuscript/figure_legends/02_supplementary_figure_legends.md	61	treatment_or_therapeutic_guidance	safe_boundary_statement	therapeutic claim.	No rewrite required if this remains a negative/boundary statement.
manuscript/figure_legends/02_supplementary_figure_legends.md	69	treatment_or_therapeutic_guidance	safe_boundary_statement	therapeutic claim.	No rewrite required if this remains a negative/boundary statement.
manuscript/figure_legends/02_supplementary_figure_legends.md	77	treatment_or_therapeutic_guidance	safe_boundary_statement	therapeutic claim.	No rewrite required if this remains a negative/boundary statement.
manuscript/figure_legends/02_supplementary_figure_legends.md	85	treatment_or_therapeutic_guidance	safe_boundary_statement	therapeutic claim.	No rewrite required if this remains a negative/boundary statement.
manuscript/figure_legends/02_supplementary_figure_legends.md	93	treatment_or_therapeutic_guidance	safe_boundary_statement	therapeutic claim.	No rewrite required if this remains a negative/boundary statement.
manuscript/figure_legends/02_supplementary_figure_legends.md	101	treatment_or_therapeutic_guidance	safe_boundary_statement	therapeutic claim.	No rewrite required if this remains a negative/boundary statement.
manuscript/figure_legends/02_supplementary_figure_legends.md	109	treatment_or_therapeutic_guidance	safe_boundary_statement	therapeutic claim.	No rewrite required if this remains a negative/boundary statement.
manuscript/figure_legends/02_supplementary_figure_legends.md	117	treatment_or_therapeutic_guidance	safe_boundary_statement	therapeutic claim.	No rewrite required if this remains a negative/boundary statement.
manuscript/figure_legends/02_supplementary_figure_legends.md	125	treatment_or_therapeutic_guidance	safe_boundary_statement	therapeutic claim.	No rewrite required if this remains a negative/boundary statement.
manuscript/figure_legends/02_supplementary_figure_legends.md	133	treatment_or_therapeutic_guidance	safe_boundary_statement	therapeutic claim.	No rewrite required if this remains a negative/boundary statement.
manuscript/figure_legends/02_supplementary_figure_legends.md	141	treatment_or_therapeutic_guidance	safe_boundary_statement	therapeutic claim.	No rewrite required if this remains a negative/boundary statement.
manuscript/figure_legends/02_supplementary_figure_legends.md	149	treatment_or_therapeutic_guidance	safe_boundary_statement	therapeutic claim.	No rewrite required if this remains a negative/boundary statement.
manuscript/figure_legends/02_supplementary_figure_legends.md	157	treatment_or_therapeutic_guidance	safe_boundary_statement	therapeutic claim.	No rewrite required if this remains a negative/boundary statement.
manuscript/figure_legends/02_supplementary_figure_legends.md	165	treatment_or_therapeutic_guidance	safe_boundary_statement	therapeutic claim.	No rewrite required if this remains a negative/boundary statement.
manuscript/figure_legends/02_supplementary_figure_legends.md	173	treatment_or_therapeutic_guidance	safe_boundary_statement	therapeutic claim.	No rewrite required if this remains a negative/boundary statement.
manuscript/figure_legends/02_supplementary_figure_legends.md	181	treatment_or_therapeutic_guidance	safe_boundary_statement	therapeutic claim.	No rewrite required if this remains a negative/boundary statement.
manuscript/figure_legends/02_supplementary_figure_legends.md	189	treatment_or_therapeutic_guidance	safe_boundary_statement	therapeutic claim.	No rewrite required if this remains a negative/boundary statement.
manuscript/figure_legends/02_supplementary_figure_legends.md	197	treatment_or_therapeutic_guidance	safe_boundary_statement	therapeutic claim.	No rewrite required if this remains a negative/boundary statement.
manuscript/figure_legends/02_supplementary_figure_legends.md	205	treatment_or_therapeutic_guidance	safe_boundary_statement	therapeutic claim.	No rewrite required if this remains a negative/boundary statement.
manuscript/figure_legends/02_supplementary_figure_legends.md	213	treatment_or_therapeutic_guidance	safe_boundary_statement	therapeutic claim.	No rewrite required if this remains a negative/boundary statement.
manuscript/figure_legends/02_supplementary_figure_legends.md	221	treatment_or_therapeutic_guidance	safe_boundary_statement	therapeutic claim.	No rewrite required if this remains a negative/boundary statement.
manuscript/figure_legends/02_supplementary_figure_legends.md	229	treatment_or_therapeutic_guidance	safe_boundary_statement	therapeutic claim.	No rewrite required if this remains a negative/boundary statement.
manuscript/figure_legends/02_supplementary_figure_legends.md	237	treatment_or_therapeutic_guidance	safe_boundary_statement	therapeutic claim.	No rewrite required if this remains a negative/boundary statement.
manuscript/figure_legends/02_supplementary_figure_legends.md	245	treatment_or_therapeutic_guidance	safe_boundary_statement	therapeutic claim.	No rewrite required if this remains a negative/boundary statement.
manuscript/figure_legends/02_supplementary_figure_legends.md	253	treatment_or_therapeutic_guidance	safe_boundary_statement	therapeutic claim.	No rewrite required if this remains a negative/boundary statement.
manuscript/figure_legends/02_supplementary_figure_legends.md	261	treatment_or_therapeutic_guidance	safe_boundary_statement	therapeutic claim.	No rewrite required if this remains a negative/boundary statement.
manuscript/figure_legends/02_supplementary_figure_legends.md	269	treatment_or_therapeutic_guidance	safe_boundary_statement	therapeutic claim.	No rewrite required if this remains a negative/boundary statement.
manuscript/figure_legends/02_supplementary_figure_legends.md	277	treatment_or_therapeutic_guidance	safe_boundary_statement	therapeutic claim.	No rewrite required if this remains a negative/boundary statement.
manuscript/figure_legends/02_supplementary_figure_legends.md	285	treatment_or_therapeutic_guidance	safe_boundary_statement	therapeutic claim.	No rewrite required if this remains a negative/boundary statement.
manuscript/figure_legends/02_supplementary_figure_legends.md	293	treatment_or_therapeutic_guidance	safe_boundary_statement	therapeutic claim.	No rewrite required if this remains a negative/boundary statement.
manuscript/figure_legends/02_supplementary_figure_legends.md	301	treatment_or_therapeutic_guidance	safe_boundary_statement	therapeutic claim.	No rewrite required if this remains a negative/boundary statement.
manuscript/figure_legends/02_supplementary_figure_legends.md	309	treatment_or_therapeutic_guidance	safe_boundary_statement	therapeutic claim.	No rewrite required if this remains a negative/boundary statement.
manuscript/figure_legends/02_supplementary_figure_legends.md	317	treatment_or_therapeutic_guidance	safe_boundary_statement	therapeutic claim.	No rewrite required if this remains a negative/boundary statement.
manuscript/figure_legends/02_supplementary_figure_legends.md	325	treatment_or_therapeutic_guidance	safe_boundary_statement	therapeutic claim.	No rewrite required if this remains a negative/boundary statement.
manuscript/figure_legends/02_supplementary_figure_legends.md	333	treatment_or_therapeutic_guidance	safe_boundary_statement	therapeutic claim.	No rewrite required if this remains a negative/boundary statement.
manuscript/figure_legends/02_supplementary_figure_legends.md	341	treatment_or_therapeutic_guidance	safe_boundary_statement	therapeutic claim.	No rewrite required if this remains a negative/boundary statement.
manuscript/figure_legends/02_supplementary_figure_legends.md	349	treatment_or_therapeutic_guidance	safe_boundary_statement	therapeutic claim.	No rewrite required if this remains a negative/boundary statement.
manuscript/figure_legends/02_supplementary_figure_legends.md	357	treatment_or_therapeutic_guidance	safe_boundary_statement	therapeutic claim.	No rewrite required if this remains a negative/boundary statement.
manuscript/figure_legends/02_supplementary_figure_legends.md	365	treatment_or_therapeutic_guidance	safe_boundary_statement	therapeutic claim.	No rewrite required if this remains a negative/boundary statement.
manuscript/figure_legends/02_supplementary_figure_legends.md	373	treatment_or_therapeutic_guidance	safe_boundary_statement	therapeutic claim.	No rewrite required if this remains a negative/boundary statement.
manuscript/figure_legends/02_supplementary_figure_legends.md	381	treatment_or_therapeutic_guidance	safe_boundary_statement	therapeutic claim.	No rewrite required if this remains a negative/boundary statement.
manuscript/figure_legends/02_supplementary_figure_legends.md	389	treatment_or_therapeutic_guidance	safe_boundary_statement	therapeutic claim.	No rewrite required if this remains a negative/boundary statement.
manuscript/figure_legends/02_supplementary_figure_legends.md	397	treatment_or_therapeutic_guidance	safe_boundary_statement	therapeutic claim.	No rewrite required if this remains a negative/boundary statement.
manuscript/figure_legends/02_supplementary_figure_legends.md	405	treatment_or_therapeutic_guidance	safe_boundary_statement	therapeutic claim.	No rewrite required if this remains a negative/boundary statement.
manuscript/figure_legends/02_supplementary_figure_legends.md	413	treatment_or_therapeutic_guidance	safe_boundary_statement	therapeutic claim.	No rewrite required if this remains a negative/boundary statement.
manuscript/figure_legends/02_supplementary_figure_legends.md	421	treatment_or_therapeutic_guidance	safe_boundary_statement	therapeutic claim.	No rewrite required if this remains a negative/boundary statement.
manuscript/figure_legends/02_supplementary_figure_legends.md	429	treatment_or_therapeutic_guidance	safe_boundary_statement	therapeutic claim.	No rewrite required if this remains a negative/boundary statement.
manuscript/figure_legends/02_supplementary_figure_legends.md	437	treatment_or_therapeutic_guidance	safe_boundary_statement	therapeutic claim.	No rewrite required if this remains a negative/boundary statement.
manuscript/figure_legends/02_supplementary_figure_legends.md	445	treatment_or_therapeutic_guidance	safe_boundary_statement	therapeutic claim.	No rewrite required if this remains a negative/boundary statement.
manuscript/figure_legends/02_supplementary_figure_legends.md	453	treatment_or_therapeutic_guidance	safe_boundary_statement	therapeutic claim.	No rewrite required if this remains a negative/boundary statement.
manuscript/figure_legends/02_supplementary_figure_legends.md	461	treatment_or_therapeutic_guidance	safe_boundary_statement	therapeutic claim.	No rewrite required if this remains a negative/boundary statement.
manuscript/figure_legends/02_supplementary_figure_legends.md	469	treatment_or_therapeutic_guidance	safe_boundary_statement	therapeutic claim.	No rewrite required if this remains a negative/boundary statement.
manuscript/figure_legends/02_supplementary_figure_legends.md	477	treatment_or_therapeutic_guidance	safe_boundary_statement	therapeutic claim.	No rewrite required if this remains a negative/boundary statement.
manuscript/figure_legends/02_supplementary_figure_legends.md	485	treatment_or_therapeutic_guidance	safe_boundary_statement	therapeutic claim.	No rewrite required if this remains a negative/boundary statement.
manuscript/figure_legends/02_supplementary_figure_legends.md	493	treatment_or_therapeutic_guidance	safe_boundary_statement	therapeutic claim.	No rewrite required if this remains a negative/boundary statement.
manuscript/figure_legends/02_supplementary_figure_legends.md	501	treatment_or_therapeutic_guidance	safe_boundary_statement	therapeutic claim.	No rewrite required if this remains a negative/boundary statement.
manuscript/figure_legends/02_supplementary_figure_legends.md	509	treatment_or_therapeutic_guidance	safe_boundary_statement	therapeutic claim.	No rewrite required if this remains a negative/boundary statement.
manuscript/figure_legends/02_supplementary_figure_legends.md	517	treatment_or_therapeutic_guidance	safe_boundary_statement	therapeutic claim.	No rewrite required if this remains a negative/boundary statement.
manuscript/figure_legends/02_supplementary_figure_legends.md	525	treatment_or_therapeutic_guidance	safe_boundary_statement	therapeutic claim.	No rewrite required if this remains a negative/boundary statement.
manuscript/figure_legends/02_supplementary_figure_legends.md	533	treatment_or_therapeutic_guidance	safe_boundary_statement	therapeutic claim.	No rewrite required if this remains a negative/boundary statement.
manuscript/figure_legends/02_supplementary_figure_legends.md	541	treatment_or_therapeutic_guidance	safe_boundary_statement	therapeutic claim.	No rewrite required if this remains a negative/boundary statement.
manuscript/figure_legends/02_supplementary_figure_legends.md	549	treatment_or_therapeutic_guidance	safe_boundary_statement	therapeutic claim.	No rewrite required if this remains a negative/boundary statement.
manuscript/figure_legends/02_supplementary_figure_legends.md	557	treatment_or_therapeutic_guidance	safe_boundary_statement	therapeutic claim.	No rewrite required if this remains a negative/boundary statement.
manuscript/figure_legends/02_supplementary_figure_legends.md	565	treatment_or_therapeutic_guidance	safe_boundary_statement	therapeutic claim.	No rewrite required if this remains a negative/boundary statement.
manuscript/figure_legends/02_supplementary_figure_legends.md	573	treatment_or_therapeutic_guidance	safe_boundary_statement	therapeutic claim.	No rewrite required if this remains a negative/boundary statement.
manuscript/figure_legends/02_supplementary_figure_legends.md	581	treatment_or_therapeutic_guidance	safe_boundary_statement	therapeutic claim.	No rewrite required if this remains a negative/boundary statement.
manuscript/figure_legends/02_supplementary_figure_legends.md	589	treatment_or_therapeutic_guidance	safe_boundary_statement	therapeutic claim.	No rewrite required if this remains a negative/boundary statement.
manuscript/figure_legends/02_supplementary_figure_legends.md	597	treatment_or_therapeutic_guidance	safe_boundary_statement	therapeutic claim.	No rewrite required if this remains a negative/boundary statement.
manuscript/figure_legends/02_supplementary_figure_legends.md	605	treatment_or_therapeutic_guidance	safe_boundary_statement	therapeutic claim.	No rewrite required if this remains a negative/boundary statement.
manuscript/figure_legends/02_supplementary_figure_legends.md	613	treatment_or_therapeutic_guidance	safe_boundary_statement	therapeutic claim.	No rewrite required if this remains a negative/boundary statement.
manuscript/figure_legends/02_supplementary_figure_legends.md	621	treatment_or_therapeutic_guidance	safe_boundary_statement	therapeutic claim.	No rewrite required if this remains a negative/boundary statement.
manuscript/figure_legends/02_supplementary_figure_legends.md	629	treatment_or_therapeutic_guidance	safe_boundary_statement	therapeutic claim.	No rewrite required if this remains a negative/boundary statement.
manuscript/figure_legends/02_supplementary_figure_legends.md	637	treatment_or_therapeutic_guidance	safe_boundary_statement	therapeutic claim.	No rewrite required if this remains a negative/boundary statement.
manuscript/figure_legends/02_supplementary_figure_legends.md	645	treatment_or_therapeutic_guidance	safe_boundary_statement	therapeutic claim.	No rewrite required if this remains a negative/boundary statement.
manuscript/figure_legends/02_supplementary_figure_legends.md	653	treatment_or_therapeutic_guidance	safe_boundary_statement	therapeutic claim.	No rewrite required if this remains a negative/boundary statement.
manuscript/figure_legends/02_supplementary_figure_legends.md	661	treatment_or_therapeutic_guidance	safe_boundary_statement	therapeutic claim.	No rewrite required if this remains a negative/boundary statement.
manuscript/figure_legends/02_supplementary_figure_legends.md	669	treatment_or_therapeutic_guidance	safe_boundary_statement	therapeutic claim.	No rewrite required if this remains a negative/boundary statement.
manuscript/figure_legends/03_figure_source_map.tsv	2	clinical_utility	safe_boundary_statement	"Figure 1	C1	src/sheafsignal;manuscript/nature_methods_package/05_claim_evidence_map.tsv;figures/publication_figure1_sheafsignal_concept.pdf	SheafSignal is a distinct sheaf/Hodge formulation of CCC.	Do not describe as only a new LR score or as clinical utility.	True"	No rewrite required if this remains a negative/boundary statement.
manuscript/figure_legends/03_figure_source_map.tsv	6	broad_superiority;full_pretrained_nichenet	safe_boundary_statement	"Figure 5	C6	benchmarks/results/tool_comparison.csv;benchmarks/results/*/comparators/sheafsignal_vs_*.csv;figures/publication_figure5_comparator_alignment.pdf	External comparator evidence exists and can be aligned.	Do not claim broad superiority over all CCC tools or full pretrained NicheNet benchmarking.	True"	No rewrite required if this remains a negative/boundary statement.
manuscript/figure_legends/04_figure_claim_boundary_checklist.tsv	2	clinical_utility	safe_boundary_statement	"Figure 1	src/sheafsignal;manuscript/nature_methods_package/05_claim_evidence_map.tsv;figures/publication_figure1_sheafsignal_concept.pdf	SheafSignal is a distinct sheaf/Hodge formulation of CCC.	Do not describe as only a new LR score or as clinical utility.	True	draft_legend_source_linked"	No rewrite required if this remains a negative/boundary statement.
manuscript/figure_legends/04_figure_claim_boundary_checklist.tsv	6	broad_superiority;full_pretrained_nichenet	safe_boundary_statement	"Figure 5	benchmarks/results/tool_comparison.csv;benchmarks/results/*/comparators/sheafsignal_vs_*.csv;figures/publication_figure5_comparator_alignment.pdf	External comparator evidence exists and can be aligned.	Do not claim broad superiority over all CCC tools or full pretrained NicheNet benchmarking.	True	draft_legend_source_linked"	No rewrite required if this remains a negative/boundary statement.
manuscript/figure_legends/04_figure_claim_boundary_checklist.tsv	9	guaranteed_acceptance_or_publication	safe_boundary_statement	"All captions	manuscript/nature_methods_package/05_claim_evidence_map.tsv	Captions may restate only claims listed in the claim-evidence map.	No clinical utility, treatment guidance, guaranteed acceptance, or broad CCC-tool superiority.	True	global_rule"	No rewrite required if this remains a negative/boundary statement.
manuscript/figure_quality/MAIN_FIGURE_QUALITY_AUDIT.tsv	2	clinical_utility	safe_boundary_statement	"fig1_sheafsignal_concept	Figure 1	figures/publication_figure1_sheafsignal_concept.pdf	True	.pdf	True	True	Do not describe as only a new LR score or as clinical utility.	opened	1	590.4	345.6	295	0.140494	pass	renderable PDF with source-map boundary"	No rewrite required if this remains a negative/boundary statement.
manuscript/figure_quality/MAIN_FIGURE_QUALITY_AUDIT.tsv	6	broad_superiority;full_pretrained_nichenet	safe_boundary_statement	"fig5_comparator_alignment	Figure 5	figures/publication_figure5_comparator_alignment.pdf	True	.pdf	True	True	Do not claim broad superiority over all CCC tools or full pretrained NicheNet benchmarking.	opened	1	662.4	309.6	439	0.332484	pass	renderable PDF with source-map boundary"	No rewrite required if this remains a negative/boundary statement.
manuscript/method_reporting/METHOD_REPORTING_REPORT.md	15	broad_superiority	safe_boundary_statement	- `RR1_algorithm_rebranding` `mitigated`: Do not claim broad superiority; claim a distinct sheaf/Hodge object and measured consistency signals.	No rewrite required if this remains a negative/boundary statement.
manuscript/method_reporting/REVIEWER_RISK_REGISTER.tsv	2	broad_superiority	safe_boundary_statement	"RR1_algorithm_rebranding	Reviewer may argue that SheafSignal is only a ligand-receptor intensity score.	all required SheafSignal primitives found	Do not claim broad superiority; claim a distinct sheaf/Hodge object and measured consistency signals.	mitigated"	No rewrite required if this remains a negative/boundary statement.
manuscript/method_reporting/REVIEWER_RISK_REGISTER.tsv	8	clinical_utility;treatment_or_therapeutic_guidance;broad_superiority	safe_boundary_statement	"RR7_overclaiming	Reviewer may reject unsupported clinical utility, therapeutic, or broad-superiority claims.	CLAIM_SAFETY_AUDIT_REPORT.md	Keep the article framed as a reproducible methods manuscript.	mitigated"	No rewrite required if this remains a negative/boundary statement.
manuscript/method_reporting/REVIEWER_RISK_REPORT.md	11	broad_superiority	safe_boundary_statement	- Residual boundary: Do not claim broad superiority; claim a distinct sheaf/Hodge object and measured consistency signals.	No rewrite required if this remains a negative/boundary statement.
manuscript/method_reporting/REVIEWER_RISK_REPORT.md	51	clinical_utility;treatment_or_therapeutic_guidance;broad_superiority	safe_boundary_statement	- Reviewer risk: Reviewer may reject unsupported clinical utility, therapeutic, or broad-superiority claims.	No rewrite required if this remains a negative/boundary statement.
manuscript/nature_methods_package/01_abstract.md	24	treatment_or_therapeutic_guidance	safe_boundary_statement	Boundary: this abstract draft makes no clinical, therapeutic, or guaranteed	No rewrite required if this remains a negative/boundary statement.
manuscript/nature_methods_package/02_cover_letter_draft.md	26	clinical_utility_positive	safe_boundary_statement	as a validated source mechanism. We do not claim clinical utility, treatment prediction,	No rewrite required if this remains a negative/boundary statement.
manuscript/nature_methods_package/02_cover_letter_draft.md	27	broad_superiority	safe_boundary_statement	or broad superiority over all communication tools.	No rewrite required if this remains a negative/boundary statement.
manuscript/nature_methods_package/03_main_text_skeleton.md	47	broad_superiority	safe_boundary_statement	benchmark support. Do not claim broad superiority over all CCC tools.	No rewrite required if this remains a negative/boundary statement.
manuscript/nature_methods_package/05_claim_evidence_map.tsv	7	broad_superiority	safe_boundary_statement	"C6	External comparator evidence exists for the primary public scRNA benchmark scope.	CellChat;CellPhoneDB;LIANA;LRProductBaseline;MechanisticTargetPrior;NicheNet where available.	main_text_allowed_with_boundary	Do not claim broad superiority or comparator completeness outside the stated scRNA scope."	No rewrite required if this remains a negative/boundary statement.
manuscript/nature_methods_package/08_claim_boundaries_and_limitations.md	21	guaranteed_acceptance_or_publication	safe_boundary_statement	- Guaranteed acceptance by any journal.	No rewrite required if this remains a negative/boundary statement.
manuscript/nature_methods_package/08_claim_boundaries_and_limitations.md	22	clinical_utility;treatment_or_therapeutic_guidance	safe_boundary_statement	- Clinical utility, treatment prediction or therapeutic recommendation.	No rewrite required if this remains a negative/boundary statement.
manuscript/nature_methods_package/08_claim_boundaries_and_limitations.md	23	full_pretrained_nichenet	safe_boundary_statement	- Full pretrained NicheNet network benchmarking.	No rewrite required if this remains a negative/boundary statement.
manuscript/nature_methods_package/08_claim_boundaries_and_limitations.md	24	broad_superiority	safe_boundary_statement	- Broad superiority over CellChat, CellPhoneDB, LIANA, NicheNet and niche-DE.	No rewrite required if this remains a negative/boundary statement.
manuscript/nature_methods_package/09_full_manuscript_draft.md	142	broad_superiority	safe_boundary_statement	### Comparator alignment shows complementarity rather than broad superiority	No rewrite required if this remains a negative/boundary statement.
manuscript/nature_methods_package/09_full_manuscript_draft.md	154	full_pretrained_nichenet	safe_boundary_statement	matrix, not a full pretrained NicheNet network benchmark. For this reason, the	No rewrite required if this remains a negative/boundary statement.
manuscript/nature_methods_package/09_full_manuscript_draft.md	155	broad_superiority	safe_boundary_statement	manuscript does not claim broad superiority over NicheNet, CellChat,	No rewrite required if this remains a negative/boundary statement.
manuscript/nature_methods_package/09_full_manuscript_draft.md	195	broad_superiority	safe_boundary_statement	superiority language and treats comparator evidence as a test of alignment,	No rewrite required if this remains a negative/boundary statement.
manuscript/nature_methods_package/09_full_manuscript_draft.md	204	clinical_utility;treatment_or_therapeutic_guidance	safe_boundary_statement	does not provide evidence for clinical utility, treatment guidance or	No rewrite required if this remains a negative/boundary statement.
manuscript/nature_methods_package/09_full_manuscript_draft.md	205	treatment_or_therapeutic_guidance	safe_boundary_statement	therapeutic recommendations.	No rewrite required if this remains a negative/boundary statement.
manuscript/nature_methods_package/09_full_manuscript_draft.md	257	broad_superiority	safe_boundary_statement	alignment and complementarity, not broad tool superiority.	No rewrite required if this remains a negative/boundary statement.
manuscript/nature_methods_package/09_full_manuscript_draft.md	294	treatment_or_therapeutic_guidance	safe_boundary_statement	utility, treatment guidance, treatment-response prediction, guaranteed journal	No rewrite required if this remains a negative/boundary statement.
manuscript/nature_methods_package/09_full_manuscript_draft.md	295	broad_superiority	safe_boundary_statement	acceptance or broad superiority over established cell-cell communication	No rewrite required if this remains a negative/boundary statement.
manuscript/presubmission_inquiry/00_one_page_editor_summary.md	30	clinical_utility;treatment_or_therapeutic_guidance	safe_boundary_statement	The manuscript is not positioned as clinical utility, treatment prediction or a	No rewrite required if this remains a negative/boundary statement.
manuscript/presubmission_inquiry/00_one_page_editor_summary.md	31	broad_superiority	safe_boundary_statement	claim of broad superiority over all cell-cell communication tools. It is a	No rewrite required if this remains a negative/boundary statement.
manuscript/presubmission_inquiry/01_presubmission_inquiry_letter.md	25	clinical_utility;treatment_or_therapeutic_guidance;broad_superiority	safe_boundary_statement	do not claim clinical utility, treatment prediction, or broad superiority over	No rewrite required if this remains a negative/boundary statement.
manuscript/presubmission_inquiry/02_editorial_triage_risk_audit.tsv	3	treatment_or_therapeutic_guidance	safe_boundary_statement	"T2	Public-data-only biological evidence	medium	Frame as methods benchmark, not clinical or therapeutic discovery.	Keep clinical language out of title, abstract and cover letter."	No rewrite required if this remains a negative/boundary statement.
manuscript/presubmission_inquiry/02_editorial_triage_risk_audit.tsv	4	broad_superiority	safe_boundary_statement	"T3	Comparator scope requires boundary wording	medium	Primary scRNA-seq scope has LRProductBaseline, LIANA, MechanisticTargetPrior, bounded nichenetr-engine, CellChat and CellPhoneDB outputs.	Do not claim broad superiority or comparator completeness for demo, Visium, GSE103322, or niche-DE."	No rewrite required if this remains a negative/boundary statement.
manuscript/presubmission_inquiry/03_novelty_evidence_matrix.tsv	6	broad_superiority	safe_boundary_statement	"external_comparators	LIANA and bounded nichenetr-engine comparator outputs are aligned.	benchmarks/results/tool_comparison.csv	The method is benchmarkable against external CCC evidence.	Do not claim broad superiority over all CCC tools."	No rewrite required if this remains a negative/boundary statement.
manuscript/presubmission_inquiry/04_editor_claim_boundary_note.md	9	guaranteed_acceptance_or_publication	safe_boundary_statement	- guaranteed acceptance or guaranteed publication;	No rewrite required if this remains a negative/boundary statement.
manuscript/presubmission_inquiry/04_editor_claim_boundary_note.md	10	clinical_utility;treatment_or_therapeutic_guidance	safe_boundary_statement	- clinical utility, treatment response prediction or therapeutic guidance;	No rewrite required if this remains a negative/boundary statement.
manuscript/presubmission_inquiry/04_editor_claim_boundary_note.md	11	full_pretrained_nichenet	safe_boundary_statement	- full pretrained NicheNet network benchmarking;	No rewrite required if this remains a negative/boundary statement.
manuscript/presubmission_inquiry/04_editor_claim_boundary_note.md	12	broad_superiority	safe_boundary_statement	- broad superiority over all CCC tools;	No rewrite required if this remains a negative/boundary statement.
manuscript/references/SCI_MANUSCRIPT_V1_referenced.md	142	broad_superiority	safe_boundary_statement	support a broad superiority claim over all cell-cell communication tools. The	No rewrite required if this remains a negative/boundary statement.
manuscript/references/SCI_MANUSCRIPT_V1_referenced.md	180	full_pretrained_nichenet	safe_boundary_statement	NicheNet-related analysis is not a full pretrained NicheNet network benchmark.	No rewrite required if this remains a negative/boundary statement.
manuscript/references/SCI_MANUSCRIPT_V1_referenced.md	228	broad_superiority	safe_boundary_statement	and complementarity, not broad superiority.	No rewrite required if this remains a negative/boundary statement.
manuscript/references/SCI_MANUSCRIPT_V1_referenced.md	265	treatment_or_therapeutic_guidance	safe_boundary_statement	utility, treatment guidance, treatment-response prediction, guaranteed journal	No rewrite required if this remains a negative/boundary statement.
manuscript/references/SCI_MANUSCRIPT_V1_referenced.md	266	broad_superiority	safe_boundary_statement	acceptance or broad superiority over all cell-cell communication tools.	No rewrite required if this remains a negative/boundary statement.
manuscript/response_transfer/00_decision_tree.md	6	guaranteed_acceptance_or_publication	safe_boundary_statement	rejection, peer review, or transfer. It is not a guarantee of journal acceptance.	No rewrite required if this remains a negative/boundary statement.
manuscript/response_transfer/00_decision_tree.md	56	guaranteed_acceptance_or_publication	safe_boundary_statement	- Never promise or imply guaranteed publication.	No rewrite required if this remains a negative/boundary statement.
manuscript/response_transfer/00_decision_tree.md	57	clinical_utility;treatment_or_therapeutic_guidance	safe_boundary_statement	- Never claim clinical utility, treatment guidance, or treatment-response	No rewrite required if this remains a negative/boundary statement.
manuscript/response_transfer/00_decision_tree.md	59	broad_superiority	safe_boundary_statement	- Never claim broad superiority over all CCC tools.	No rewrite required if this remains a negative/boundary statement.
manuscript/response_transfer/01_editorial_rejection_response_template.md	12	clinical_utility	safe_boundary_statement	cell-cell communication consistency and will avoid claims of clinical utility,	No rewrite required if this remains a negative/boundary statement.
manuscript/response_transfer/01_editorial_rejection_response_template.md	13	treatment_or_therapeutic_guidance;broad_superiority	safe_boundary_statement	treatment guidance, or broad superiority over all communication tools.	No rewrite required if this remains a negative/boundary statement.
manuscript/response_transfer/03_transfer_package_by_journal.tsv	2	clinical_utility;broad_superiority;full_pretrained_nichenet	safe_boundary_statement	"1	Nature Methods	primary_methods_target	best_aligned_high_risk_first_submission	primary_first_submission	Use before first submission or after positive presubmission feedback.	Reusable computational method with sheaf/Hodge formulation.	Keep method-first title, abstract, Figure 1, and cover letter.	Simulation recovery, public TME benchmarks, comparator alignment, reproducibility release.	Cancer mechanism and clinical relevance.	Do not claim clinical utility, full pretrained NicheNet benchmarking, or broad superiority over all CCC tools.	Submit only when final blocker report is not NO_GO."	No rewrite required if this remains a negative/boundary statement.
manuscript/response_transfer/03_transfer_package_by_journal.tsv	5	treatment_or_therapeutic_guidance	safe_boundary_statement	"4	Nature Cancer	cancer_biology_stretch_route	not_primary_without_biology_validation	high_risk_conditional	Use only if additional cancer biology validation becomes available.	Cancer biology insight enabled by a new computational method.	Add deeper cancer evidence, disease-specific figure order, and stronger external validation.	Biologically interpretable Myeloid signal and replication across cancer datasets.	Tool packaging details unless required for reproducibility.	Do not imply clinical or therapeutic relevance from computational frustration scores alone.	No-go for public-data-only method package without stronger biology."	No rewrite required if this remains a negative/boundary statement.
manuscript/response_transfer/04_target_specific_rewrite_actions.tsv	3	broad_superiority	safe_boundary_statement	"A02	Nature Methods	If editors say the work looks like another CCC tool.	Move pairwise LR examples later and start with graph-level inconsistency, curl and harmonic circulation.	09_full_manuscript_draft.md; communication_curl_network.pdf	Do not add unsupported claims of broad superiority."	No rewrite required if this remains a negative/boundary statement.
manuscript/response_transfer/05_do_not_claim_checklist.md	9	guaranteed_acceptance_or_publication	safe_boundary_statement	- Guaranteed acceptance or guaranteed publication.	No rewrite required if this remains a negative/boundary statement.
manuscript/response_transfer/05_do_not_claim_checklist.md	10	clinical_utility;treatment_or_therapeutic_guidance	safe_boundary_statement	- Clinical utility, clinical decision support, treatment-response prediction,	No rewrite required if this remains a negative/boundary statement.
manuscript/response_transfer/05_do_not_claim_checklist.md	11	treatment_or_therapeutic_guidance	safe_boundary_statement	or therapeutic guidance.	No rewrite required if this remains a negative/boundary statement.
manuscript/response_transfer/05_do_not_claim_checklist.md	12	broad_superiority	safe_boundary_statement	- Broad superiority over all cell-cell communication tools.	No rewrite required if this remains a negative/boundary statement.
manuscript/response_transfer/05_do_not_claim_checklist.md	13	full_pretrained_nichenet	safe_boundary_statement	- Full pretrained NicheNet benchmarking, unless that exact resource is added	No rewrite required if this remains a negative/boundary statement.
manuscript/response_transfer/05_do_not_claim_checklist.md	31	broad_superiority	safe_boundary_statement	"superiority."""	No rewrite required if this remains a negative/boundary statement.
manuscript/reviewer_objection_response_table.tsv	2	broad_superiority	safe_boundary_statement	"R1_algorithm_is_lr_intensity	SheafSignal may be a rebranding of ligand-receptor communication intensity.	LRProductBaseline completed for 5 datasets; absolute Spearman range 0.0585-0.243. External tools remain separately gated.	Internal LRProductBaseline is explicitly aligned to sheaf_energy; discordance and correlation summaries show SheafSignal measures pathway-consistency mismatch on top of LR flow, not only LR strength.	Do not claim superiority over CellChat/CellPhoneDB/NicheNet/LIANA until external tool runs are imported.	partial_internal_baseline_done	Run and import at least LIANA plus one mechanistic comparator such as NicheNet."	No rewrite required if this remains a negative/boundary statement.
manuscript/reviewer_objection_response_table.tsv	3	broad_superiority	safe_boundary_statement	"R2_no_external_comparator	The benchmark lacks real external CCC comparator outputs.	Full LIANA imports are present for 3 public scRNA-seq datasets: gse154778_pdac_scrna;gse176078_brca_scrna;gse72056_melanoma_scrna. Remaining external tools pending: niche-DE.	External comparator status is generated from imported tool outputs, not manual text. The current manuscript can state that LIANA imports exist only at the evidence tier recorded in the comparator gate table.	Full LIANA benchmarking is available, but broad superiority claims remain gated by mechanistic comparator coverage.	partial_liana_full_import_done	Add a mechanistic comparator such as NicheNet."	No rewrite required if this remains a negative/boundary statement.
manuscript/reviewer_objection_response_table.tsv	7	treatment_or_therapeutic_guidance	safe_boundary_statement	"R6_public_data_only	Public-data-only evidence may be insufficient for clinical claims.	All benchmark datasets are public, manifested, checksum-tracked, and GitHub/Zenodo-ready.	Position the paper as a methods article with reproducible public benchmarks, not as a clinical medicine or therapeutic target paper.	No clinical decision or treatment-response claim.	pass_for_methods_scope	Keep data/code availability and accession/checksum table complete."	No rewrite required if this remains a negative/boundary statement.
manuscript/reviewer_objection_response_table.tsv	8	full_pretrained_nichenet	safe_boundary_statement	"R7_no_mechanistic_comparator	A target-program or mechanistic CCC comparator is needed, not only LR edge ranking.	NicheNet/nichenetr-engine imports are completed for 3 public scRNA-seq datasets: gse154778_pdac_scrna;gse176078_brca_scrna;gse72056_melanoma_scrna. The current run uses the official nichenetr scoring engine with the project-curated TME ligand-target prior matrix.	Mechanistic comparator status is generated from imported tool rows. MechanisticTargetPrior is acceptable as a transparent prior baseline, but must not be described as official NicheNet.	Allowed claim: official nichenetr scoring engine was executed with a transparent curated prior. Not allowed: full pretrained NicheNet network benchmarking unless that resource is explicitly added and documented.	pass_nichenetr_engine_with_prior	Regenerate final manuscript figures and reviewer gates."	No rewrite required if this remains a negative/boundary statement.
manuscript/submission_upload_package/DOCX_TEXT_EXTRACTION_CHECK.md	8	full_pretrained_nichenet	safe_boundary_statement	- `not a full pretrained NicheNet network benchmark`: found	No rewrite required if this remains a negative/boundary statement.
