priority	action	gate_type	why_it_matters	expected_effect	estimated_effort	blocking
M1	Create public GitHub remote, push codex/sheafsignal-hardening-release, create immutable release tag, and write the URL into CITATION.cff, pyproject.toml, .zenodo.json, and release metadata.	hard_submission_blocker	Reviewers must be able to clone the exact code state and cite a stable public repository.	Turns G11 from yellow to green after tag/release URL is verified.	short, but requires the real GitHub account/repository decision	yes
M2	Fill author names, affiliations, ORCIDs when available, CRediT roles, competing interests, corresponding author, and final ethics/data-use wording.	hard_submission_blocker	Journals will not accept submission metadata with TBD author-owned fields.	Clears author-owned placeholder rows and software citation creator fields.	short if author list is final; otherwise author-side coordination	yes
M3	Mint Zenodo DOI only after GitHub URL and author metadata are real, then replace PENDING_ZENODO_RELEASE in metadata/datasets.tsv and Data Availability.	hard_submission_blocker	A permanent DOI is required for the processed benchmark archive and journal data availability.	Turns G12 from red to green and removes the final blocking DOI rows.	short if Zenodo token/account is ready	yes
M4	Rerun clean-clone reproduction after GitHub and DOI insertion from the public repository: install locked Python environment, run demo workflow, and regenerate manuscript-facing audits.	hard_submission_blocker	The local clean-export preflight is strong, but reviewers need proof that the final public repository clone can reproduce core outputs.	Converts local clean-export reproducibility into public clean-clone reproducibility evidence.	medium	yes
S1	Run a 10,000-permutation confirmatory pass for the smallest set of manuscript-critical GSE154778/global tests.	high_impact_strengthening	Reduces reviewer concern that p-values and FDR are only manuscript-grade but not stress-tested.	Improves statistical defensibility; not needed for current descriptive edge claims.	medium to long	no
S2	Complete GSE103322 as an explicit replication supplement with the same primary scRNA comparator scope, or keep it clearly outside main comparator claims.	high_impact_strengthening	An extra independent cancer cohort increases generality without forcing a Myeloid-centered mechanism claim.	Improves 20-50 IF resilience against dataset-specific-artifact criticism.	medium	no
S3	Invite 2-3 external computational biology readers to run the clean-clone demo and review the novelty/comparator framing before submission.	high_impact_strengthening	External beta review is one of the fastest ways to expose remaining reviewer objections before journal submission.	Improves cover-letter confidence and reduces desk-rejection risk from unclear novelty or reproducibility.	medium calendar time	no
S4	Refresh the journal metric audit on the submission day, covering latest JIF source, CAS zone, and warning-journal status for the chosen target.	submission_day_safety	Journal metrics and warning lists change; the open-web audit is useful, but final CAS/warning status must be verified from official or institutional sources.	Prevents stale IF/CAS/warning claims in the final submission plan.	short	no before science freeze; yes before journal decision
S5	Keep Visium hotspot-only unless adding deconvolution or histology/pathology annotation.	claim_boundary	Spatial spot marker programs do not support cell-type source mechanisms without extra evidence.	Prevents overclaiming while preserving spatial workflow demonstration value.	long if upgraded; none if kept as hotspot-only	no
