relative_path	release_target	size_bytes	size_mb	sha256	reason
.github/workflows/ci.yml	github	1306	0.001245	0463b84bd57868f02e5e9d764d14ca13ef91e83bb0983ad5e754986fd6c75c9b	small auxiliary repository file
.gitignore	github	1583	0.00151	b65188a5054fad3ee40ae51e357c365073adacbaa95525866f0f960b46e09f25	code, metadata, manifest, or small benchmark result
.zenodo.json	github	492	0.000469	687f4f4aa7887331dff032817da9b0b20932b5d0c766ea0368d63cd0dc177069	small auxiliary repository file
CITATION.cff	github	513	0.000489	9780e8a6c2a62b7aa662893fbf8773c66daec2c1f68495a7ac80bcb5ed1dd766	small auxiliary repository file
CODE_OF_CONDUCT.md	github	332	0.000317	c447674c50bcbab379b1a6598a92c2e47545fe6e099649dde0bcdd4c455fffaa	small auxiliary repository file
CONTRIBUTING.md	github	782	0.000746	69d163067a20f0e45c279a5a7b350d0e69844aefe6965d96cf62636caa200908	small auxiliary repository file
Dockerfile	github	415	0.000396	a736236b8c78dc92d9fb7d2bec8e1b490159169098ac7bb6f54df6c59d2c551a	small auxiliary repository file
LICENSE	github	1081	0.001031	131bd9b2ac43993bca4e8329dc8819b9e6848ffa70891678128538673e03b755	code, metadata, manifest, or small benchmark result
MANIFEST.in	github	122	0.000116	b028987b777b967998da4d0f2282bc8196788a7ea373ea7aa15405a541c417a5	small auxiliary repository file
Makefile	github	761	0.000726	c069075bffdd6e0c866fe2c7eae0543ba9e8d51c3f2ce894e212f053661146e7	small auxiliary repository file
PROJECT_STATUS.md	github	24648	0.023506	f214f92ceb4492139cc9034d61e2ec45dfa36105d2797bd5e3acaae9b2894895	code, metadata, manifest, or small benchmark result
README.md	github	26696	0.025459	d7cd3513e2c51b963602b4710d69e091bb21819e5fe078779498e4ed0cd9c5dd	code, metadata, manifest, or small benchmark result
benchmarks/README.md	github	1758	0.001677	78435fdfc81ce426e385577f44a22b74f48ead374db26f69a5582f3f56c50986	small auxiliary repository file
benchmarks/results/BENCHMARK_RESULT_CONTRACT_AUDIT.tsv	github	1611	0.001536	2643ae56595ccc0fcdf66faddd43ab8e5bd9740e471f4458398c39ab9cf000b6	code, metadata, manifest, or small benchmark result
benchmarks/results/BENCHMARK_RESULT_CONTRACT_REPORT.md	github	397	0.000379	cae8f8697a910172b2a1ed9fab131b375be54fb0b8b0106fe07e02528140aa1e	code, metadata, manifest, or small benchmark result
benchmarks/results/comparator_input_exports.csv	github	2437	0.002324	d13a19ead158cf010817f4eb06418084d3ffa6286da6c5e9dab321d1598cd61e	code, metadata, manifest, or small benchmark result
benchmarks/results/comparator_readiness_matrix.csv	github	1304	0.001244	6c1a86b7e3fc0e36b26a594d57bb7ed192b41e51e58591066bfee364791bf271	code, metadata, manifest, or small benchmark result
benchmarks/results/component_recovery.csv	github	399	0.000381	6572c7c9ce9bf592fd7560d41c6c49b5dcfbb4dd051582e85b3b3a869e40ec26	code, metadata, manifest, or small benchmark result
benchmarks/results/demo_synthetic/comparators/lr_product_baseline_edges.csv	github	2754	0.002626	3d346d02c6af537ecc2e44559a0d1c59839179c1eb0c941ac0c4d7523fd07666	code, metadata, manifest, or small benchmark result
benchmarks/results/demo_synthetic/comparators/sheafsignal_vs_lr_product_baseline.csv	github	5445	0.005193	c279774d2d0b4dc288c75431f60817ece1285d19ccc21d8b8949e0c83953e4e0	code, metadata, manifest, or small benchmark result
benchmarks/results/demo_synthetic/results/frustration_permutation_pvalues.csv	github	621	0.000592	8b580c5ec812ca13a1ed41bcf4b7880c06bc2bab04e21b85d872c4350803400c	code, metadata, manifest, or small benchmark result
benchmarks/results/demo_synthetic/results/global_permutation_pvalues.csv	github	531	0.000506	5d4de814939777070a0652f582009dcd92274fb3e9e42aed763d139a4b71bc8a	code, metadata, manifest, or small benchmark result
benchmarks/results/demo_synthetic/results/hodge_decomposition_scores.csv	github	1335	0.001273	6a693d5a607ec4d42aa2bc071274c44d39db4922a2bfe9ab881abd280aa8b662	code, metadata, manifest, or small benchmark result
benchmarks/results/demo_synthetic/results/sheaf_energy_by_edge.csv	github	7573	0.007222	a7a4f4f4d505bf073978825cfb4aef12e89097778f0922f36c211c2763ecba17	code, metadata, manifest, or small benchmark result
benchmarks/results/demo_synthetic/results/sheaf_energy_permutation_pvalues.csv	github	2451	0.002337	f063c6e967bb56734dbefc290d4803b780662ea98beb1057060ee8ae02e6bf6d	code, metadata, manifest, or small benchmark result
benchmarks/results/external_comparator_environment_status.csv	github	682	0.00065	499489e699e706b6ec08b22253b029edd97a68681a8c370d43a5b7ac4f7e6461	code, metadata, manifest, or small benchmark result
benchmarks/results/external_comparator_execution_plan.csv	github	2044	0.001949	5f5419c1184d1200a4632083e9ff1fc86c919866d69cac4fa75cd2d0aca9eeda	code, metadata, manifest, or small benchmark result
benchmarks/results/external_comparator_gate_summary.csv	github	559	0.000533	68b0e4f7dfccc62c679fe7529b7737a79f7e1cef8b08419f4d470326b06b0275	code, metadata, manifest, or small benchmark result
benchmarks/results/gradient_chain_edges.csv	github	68	6.5e-05	c87b0ec287ab89d863cdccfcdaf70fc888b1fcc03d13d3f1488569c014c78762	code, metadata, manifest, or small benchmark result
benchmarks/results/gse103322_hnsc_scrna/comparators/cellchat_run/cellchat_run_status.tsv	github	133	0.000127	25fa481eecec0ecbada24911eaab006c5ec0d4ab8187e3c81e45b0d53912fead	code, metadata, manifest, or small benchmark result
benchmarks/results/gse103322_hnsc_scrna/comparators/cellphonedb_run/cellphonedb_command.txt	github	412	0.000393	9d5597ee2c3529118a04a692b0a92edf4c7cdfd445a7102872e75e1c01dbcbb9	code, metadata, manifest, or small benchmark result
benchmarks/results/gse103322_hnsc_scrna/comparators/cellphonedb_run/cellphonedb_counts.tsv	github	1637198	1.561354	8b5e463b7aa7a5c6fb9b6b53f8dff4015eb1bc1d6a6fb97ea75ad56fd32662de	code, metadata, manifest, or small benchmark result
benchmarks/results/gse103322_hnsc_scrna/comparators/cellphonedb_run/cellphonedb_meta.tsv	github	229789	0.219144	1d906a8830ff085bf0b78aa16223a1dad1ee6cf3082169840de9f1d85d6e3cb5	code, metadata, manifest, or small benchmark result
benchmarks/results/gse103322_hnsc_scrna/comparators/cellphonedb_run/cellphonedb_run_metadata.json	github	387	0.000369	924b4f6a4dd34bd75df31c6ee614a3844ac4e0f44fb463dbf69103b1c9b9c7c4	code, metadata, manifest, or small benchmark result
benchmarks/results/gse103322_hnsc_scrna/comparators/lr_product_baseline_edges.csv	github	12711	0.012122	b4d556e3ed11fc9d0cb679b8f43305668c5a76838043722ac99b8f2903c43c02	code, metadata, manifest, or small benchmark result
benchmarks/results/gse103322_hnsc_scrna/comparators/sheafsignal_vs_lr_product_baseline.csv	github	24397	0.023267	f19f81773e5f0c4762c0ee0fed77277a468ec261ae5dfc8514a75cbbec25a5f3	code, metadata, manifest, or small benchmark result
benchmarks/results/gse103322_hnsc_scrna/results/frustration_permutation_pvalues.csv	github	1091	0.00104	81cd017e0c38607429688beafce98fc1f2eaba24232b07536dab8abcf7110ca0	code, metadata, manifest, or small benchmark result
benchmarks/results/gse103322_hnsc_scrna/results/global_permutation_pvalues.csv	github	498	0.000475	b4fcf8803c2d75e9afae772f352fe45d8943f53c66819ccbd547924b202bdcc7	code, metadata, manifest, or small benchmark result
benchmarks/results/gse103322_hnsc_scrna/results/hodge_decomposition_scores.csv	github	2250	0.002146	3e4b049284ad9f7a3b81547b45ac623b5e402d6f41910e5789add99b6bac0fdb	code, metadata, manifest, or small benchmark result
benchmarks/results/gse103322_hnsc_scrna/results/sheaf_energy_by_edge.csv	github	34345	0.032754	4ed9d5a3d11d5f827deff5c32e5e1ebe6f20e4257baa342ff76358c41fa7fbf1	code, metadata, manifest, or small benchmark result
benchmarks/results/gse103322_hnsc_scrna/results/sheaf_energy_permutation_pvalues.csv	github	11763	0.011218	4b6d76914ad3c6d5b92d2dbbd728f78adbc15122e98a586785b0c35bdcfa5087	code, metadata, manifest, or small benchmark result
benchmarks/results/gse154778_pdac_scrna/comparator_inputs/README.md	github	1307	0.001246	8e7e5757f39c2163a9fe04583a0e9397ce251ebe6adce5fca72358b49c45e66a	code, metadata, manifest, or small benchmark result
benchmarks/results/gse154778_pdac_scrna/comparator_inputs/cell_type_counts.csv	github	376	0.000359	40febc602909107603b2cc557c7b2494ef1ee07d1ad609e5a8dd5d592e12bb95	code, metadata, manifest, or small benchmark result
benchmarks/results/gse154778_pdac_scrna/comparator_inputs/cell_type_profiles.csv	github	5727	0.005462	e0f4bc9b00d338a7c0165187ac749d78cb6400e5d0bd7ff03b6cbcee6de640d2	code, metadata, manifest, or small benchmark result
benchmarks/results/gse154778_pdac_scrna/comparator_inputs/external_comparator_template.csv	github	62	5.9e-05	8467bc94433c885c6288b17451a4294e49466724853e2ac250d54de0de44dda3	code, metadata, manifest, or small benchmark result
benchmarks/results/gse154778_pdac_scrna/comparator_inputs/ligand_receptor_pairs.csv	github	696	0.000664	43ef0bd1e23593d4c71df7ecdffddcf6b80c34106b89e3d32a851a882f76a806	code, metadata, manifest, or small benchmark result
benchmarks/results/gse154778_pdac_scrna/comparator_inputs/manifest.tsv	github	984	0.000938	3f16acf6968cb23d8fcdd7424cbdf15d47e3de650ef47ddae78387e37306591d	code, metadata, manifest, or small benchmark result
benchmarks/results/gse154778_pdac_scrna/comparator_inputs/sheafsignal_edge_template.csv	github	9597	0.009152	e5bb8094e7e3c4d603c826adf66f73e1b1fcfbcefc19277189a076424b3e1c27	code, metadata, manifest, or small benchmark result
benchmarks/results/gse154778_pdac_scrna/comparators/cellchat_edges.csv	github	4139	0.003947	b1dd56e7cd02ff72ff41f9155f6d57cd68d23452b2d16274e6b08b5f17f650e1	code, metadata, manifest, or small benchmark result
benchmarks/results/gse154778_pdac_scrna/comparators/cellchat_run/cellchat_communication.csv	github	7249	0.006913	4f3d1d072427848ea4d3046dd4d4e38747ecc9e274dcd97bc20c898fa317b3f7	code, metadata, manifest, or small benchmark result
benchmarks/results/gse154778_pdac_scrna/comparators/cellchat_run/cellchat_run_status.tsv	github	29	2.8e-05	d995778b845a953ff0d152b4e3bd1cc1bf9872a208110c161baebf36d69aea21	code, metadata, manifest, or small benchmark result
benchmarks/results/gse154778_pdac_scrna/comparators/cellphonedb_edges.csv	github	3938	0.003756	d6075d083b29dab05ae0d081cec718c22567ca372464909469f23cf72e15a82f	code, metadata, manifest, or small benchmark result
benchmarks/results/gse154778_pdac_scrna/comparators/cellphonedb_run/cellphonedb_command.txt	github	480	0.000458	c041d35ef4614fe0b05723494dbe6b249b68c87a4436650f3f09b36532981a1a	code, metadata, manifest, or small benchmark result
benchmarks/results/gse154778_pdac_scrna/comparators/cellphonedb_run/cellphonedb_counts.tsv	github	3186110	3.038511	ba3aff3d6be1346d523ccd570aa333998f605df419153dc9d51cb2900f28425d	code, metadata, manifest, or small benchmark result
benchmarks/results/gse154778_pdac_scrna/comparators/cellphonedb_run/cellphonedb_meta.tsv	github	376427	0.358989	5675d54f61d0560a94c3d790f791f1e1198ba3843a77645e2a4bc0f877eeda95	code, metadata, manifest, or small benchmark result
benchmarks/results/gse154778_pdac_scrna/comparators/cellphonedb_run/cellphonedb_run_metadata.json	github	1081	0.001031	4f06c5ee6b4391134fa408c93bb1587d6b1fb742003af073b2597f490ed4c19a	code, metadata, manifest, or small benchmark result
benchmarks/results/gse154778_pdac_scrna/comparators/cellphonedb_run/statistical_analysis_deconvoluted_05_01_2026_165521.txt	github	1766	0.001684	7c9d3edbd9a5a95cfe7c27a47ba176e7506465e9d5a6068479ad4dd3693efe25	code, metadata, manifest, or small benchmark result
benchmarks/results/gse154778_pdac_scrna/comparators/cellphonedb_run/statistical_analysis_deconvoluted_percents_05_01_2026_165521.txt	github	1764	0.001682	d674c915b2a9ba62c9a9d7a27a6602c7402e9febf890c0625777af901ac475ae	code, metadata, manifest, or small benchmark result
benchmarks/results/gse154778_pdac_scrna/comparators/cellphonedb_run/statistical_analysis_interaction_scores_05_01_2026_165521.txt	github	4073	0.003884	be6f6fff06ea0432169a97b1f14e6234ac4edba88caee78770e050e28d46fb7d	code, metadata, manifest, or small benchmark result
benchmarks/results/gse154778_pdac_scrna/comparators/cellphonedb_run/statistical_analysis_means_05_01_2026_165521.txt	github	4558	0.004347	f60d9078692ba5bf247227e797029cdb359dd2a8d169f70859104eacc66fda69	code, metadata, manifest, or small benchmark result
benchmarks/results/gse154778_pdac_scrna/comparators/cellphonedb_run/statistical_analysis_pvalues_05_01_2026_165521.txt	github	4000	0.003815	db9feea4451bfaf1b1ef5ec6b7f60499c75db7ad86d667597f8bd69ff8102a1e	code, metadata, manifest, or small benchmark result
benchmarks/results/gse154778_pdac_scrna/comparators/cellphonedb_run/statistical_analysis_significant_means_05_01_2026_165521.txt	github	3063	0.002921	7c77271d101e6942d793cf66fbed827bb345fbb3cdbf2fdb2b5630746aa5a2db	code, metadata, manifest, or small benchmark result
benchmarks/results/gse154778_pdac_scrna/comparators/cellphonedb_smoke_100cells/cellphonedb_command.txt	github	512	0.000488	94483a3738935ca13160b52ff34f62cbb40322306478a1f28d68255acf6f1b55	code, metadata, manifest, or small benchmark result
benchmarks/results/gse154778_pdac_scrna/comparators/cellphonedb_smoke_100cells/cellphonedb_counts.tsv	github	21418	0.020426	9b570230bbfe1acd578be3656f35436f622f17d0693467f48e8c419c6de7b964	code, metadata, manifest, or small benchmark result
benchmarks/results/gse154778_pdac_scrna/comparators/cellphonedb_smoke_100cells/cellphonedb_meta.tsv	github	2343	0.002234	7520ad603f3c576cd01a3e2454308b8927d51475748f4b8e187e6e2cddf0f25a	code, metadata, manifest, or small benchmark result
benchmarks/results/gse154778_pdac_scrna/comparators/cellphonedb_smoke_100cells/cellphonedb_run_metadata.json	github	1114	0.001062	8a01998017aa6bf18e86fcef244981b5c99b18467587d5ea214919fa308dabb0	code, metadata, manifest, or small benchmark result
benchmarks/results/gse154778_pdac_scrna/comparators/cellphonedb_smoke_100cells/statistical_analysis_deconvoluted_05_01_2026_164909.txt	github	1196	0.001141	7bd5dfb8ba7b03ce45d22675530982e64cfe3537da3e1cbcdd0aec5a4db6f601	code, metadata, manifest, or small benchmark result
benchmarks/results/gse154778_pdac_scrna/comparators/cellphonedb_smoke_100cells/statistical_analysis_deconvoluted_percents_05_01_2026_164909.txt	github	1196	0.001141	e1b991563f067a7b497e062ffa459db56208fc965aa41031e4396b36629f0c16	code, metadata, manifest, or small benchmark result
benchmarks/results/gse154778_pdac_scrna/comparators/cellphonedb_smoke_100cells/statistical_analysis_interaction_scores_05_01_2026_164909.txt	github	2411	0.002299	58ac421fd81e970c2de2bad41cda42d119d5b0dc4fbf5ca6dc02070ad9882a55	code, metadata, manifest, or small benchmark result
benchmarks/results/gse154778_pdac_scrna/comparators/cellphonedb_smoke_100cells/statistical_analysis_means_05_01_2026_164909.txt	github	2421	0.002309	705ceec8016cc26c7e79448a86a54a042c4842767aa89a69e242213b67224e7d	code, metadata, manifest, or small benchmark result
benchmarks/results/gse154778_pdac_scrna/comparators/cellphonedb_smoke_100cells/statistical_analysis_pvalues_05_01_2026_164909.txt	github	2334	0.002226	657275a3cb9a5f7d2cdc6891fb0a1b9719a0488770a976e8f4c8c16bc3397bbe	code, metadata, manifest, or small benchmark result
benchmarks/results/gse154778_pdac_scrna/comparators/cellphonedb_smoke_100cells/statistical_analysis_significant_means_05_01_2026_164909.txt	github	2047	0.001952	a92ec1bd3011b79b1e535286df728a39003593e7cbec14e519f2ac4d1b12a9b2	code, metadata, manifest, or small benchmark result
benchmarks/results/gse154778_pdac_scrna/comparators/liana_edges.csv	github	8809	0.008401	9c41461156ea2ba7edc6f988fb1da834f712a4dbc29d538854db1a6a63350196	code, metadata, manifest, or small benchmark result
benchmarks/results/gse154778_pdac_scrna/comparators/liana_run/liana_external_edges.csv	github	67922	0.064775	6f3a0659c83d00f2d89626bd84a9f10dbae69bf6f2e352f4dec3c0bb388ba4f2	code, metadata, manifest, or small benchmark result
benchmarks/results/gse154778_pdac_scrna/comparators/liana_run/liana_raw_results.csv	github	66539	0.063457	6906b763ddbfdbf62c2782106f078866c146e74c69fb7b75beae429cd110d4e7	code, metadata, manifest, or small benchmark result
benchmarks/results/gse154778_pdac_scrna/comparators/liana_run/liana_run_metadata.json	github	551	0.000525	2bec34ce8f5ae52b1c08fe3228e28fa31030c0ef37976474ee110bf404fa3f0e	code, metadata, manifest, or small benchmark result
benchmarks/results/gse154778_pdac_scrna/comparators/lr_product_baseline_edges.csv	github	9668	0.00922	3071de753891308619a64b8460aa8a7653c3b763c31d7bb0ed74660abf6bac18	code, metadata, manifest, or small benchmark result
benchmarks/results/gse154778_pdac_scrna/comparators/mechanistic_target_prior_run/mechanistic_target_prior_metadata.json	github	574	0.000547	eafbb1218e3368b2f9fe2668ab5818bb65cd62ca6f5d18deb1ac90a0c2094bb3	code, metadata, manifest, or small benchmark result
benchmarks/results/gse154778_pdac_scrna/comparators/mechanistic_target_prior_run/mechanistic_target_prior_raw_edges.csv	github	146083	0.139316	b7b4ef75724c939e5bad4b7d6fcb170989f7a31ce74fd9f6616962375b54c9ea	code, metadata, manifest, or small benchmark result
benchmarks/results/gse154778_pdac_scrna/comparators/mechanistictargetprior_edges.csv	github	8177	0.007798	035639b88d2f21405b0a69efe6673246c58e626385ad925fa0f509ac45529405	code, metadata, manifest, or small benchmark result
benchmarks/results/gse154778_pdac_scrna/comparators/nichenet_edges.csv	github	7370	0.007029	3d92e3d6bee92bd830a0ab37b4e2171a6ed72d42108439abcb4fe3b9ec0108cb	code, metadata, manifest, or small benchmark result
benchmarks/results/gse154778_pdac_scrna/comparators/nichenet_prior_run/nichenet_prior_metadata.json	github	599	0.000571	fa41cdfa44aa7d985924e383a08b8b58d04ac3d2555073420af0c9b3ad78f4c1	code, metadata, manifest, or small benchmark result
benchmarks/results/gse154778_pdac_scrna/comparators/nichenet_prior_run/nichenet_prior_raw_edges.csv	github	66708	0.063618	0277608f3f66192159eb29fd02db258ca0d346622d30a93b253ae556af77664f	code, metadata, manifest, or small benchmark result
benchmarks/results/gse154778_pdac_scrna/comparators/sheafsignal_vs_cellchat.csv	github	15910	0.015173	6d52d93ee870caa62568decf05a2902b09285c4a3f2b5a3ba46606e889428834	code, metadata, manifest, or small benchmark result
benchmarks/results/gse154778_pdac_scrna/comparators/sheafsignal_vs_cellphonedb.csv	github	15678	0.014952	452f1d1999f305cf1217d56890dc8ba49f532793b245a2acdbe86b2b66719672	code, metadata, manifest, or small benchmark result
benchmarks/results/gse154778_pdac_scrna/comparators/sheafsignal_vs_liana.csv	github	16952	0.016167	7580f4bd1ef7d4abe22c685f51b017b47fbaefe532ff2af5467f0a1a6c4d1f89	code, metadata, manifest, or small benchmark result
benchmarks/results/gse154778_pdac_scrna/comparators/sheafsignal_vs_lr_product_baseline.csv	github	18638	0.017775	5e2b2b5553534b89469b7f7cad09d713c65ceff23f7fd057cedc6c66b4e633da	code, metadata, manifest, or small benchmark result
benchmarks/results/gse154778_pdac_scrna/comparators/sheafsignal_vs_mechanistictargetprior.csv	github	16051	0.015307	3c838865d37a97c661743f8d88c3b36a03a00baab0d246df445566049c7572b0	code, metadata, manifest, or small benchmark result
benchmarks/results/gse154778_pdac_scrna/comparators/sheafsignal_vs_nichenet.csv	github	15228	0.014523	573c744081d22bc61c054c62781d051f3fdc63f223763bcc46b8b0b4fe6e08b0	code, metadata, manifest, or small benchmark result
benchmarks/results/gse154778_pdac_scrna/qc/annotation_confidence.csv	github	1932	0.001842	95899f0aa3b049d9d299ba3318cd04ecda0f7c39cbc961ea62126e0b5ffd23e8	code, metadata, manifest, or small benchmark result
benchmarks/results/gse154778_pdac_scrna/qc/annotation_confidence.pdf	github	17034	0.016245	fe0fa9d3898e22ca307b751e627814e07f5257f2e4c7ac5c8f644e0bbe99f3d2	code, metadata, manifest, or small benchmark result
benchmarks/results/gse154778_pdac_scrna/qc/cell_type_counts.csv	github	376	0.000359	40febc602909107603b2cc557c7b2494ef1ee07d1ad609e5a8dd5d592e12bb95	code, metadata, manifest, or small benchmark result
benchmarks/results/gse154778_pdac_scrna/qc/cell_type_counts.pdf	github	16191	0.015441	09b26097e019f37aa4fcb2a13bc6bdfa3759b663ca59fdb28a32f737ee6f7bff	code, metadata, manifest, or small benchmark result
benchmarks/results/gse154778_pdac_scrna/qc/claim_gating_by_cell_type.csv	github	3830	0.003653	a8769f6e5a4fa8cb2b88864d5950b0f71771d169216cea8c4c67c5d273f7b020	code, metadata, manifest, or small benchmark result
benchmarks/results/gse154778_pdac_scrna/qc/frustration_annotation_overlay.csv	github	2538	0.00242	df94531032bd4664bf4285ba7d3119ae77896f5e57c8756378c82a237d23e0a0	code, metadata, manifest, or small benchmark result
benchmarks/results/gse154778_pdac_scrna/qc/frustration_annotation_overlay.pdf	github	18426	0.017572	26dffd38ca8a529bd41d8eab7180edf41be6c8e9870e22cb9834e1cf73299e30	code, metadata, manifest, or small benchmark result
benchmarks/results/gse154778_pdac_scrna/qc/marker_heatmap.csv	github	7130	0.0068	b86c46db04f3b2ad6253e748c29091838bf691b28d47351c579373ca5eabed88	code, metadata, manifest, or small benchmark result
benchmarks/results/gse154778_pdac_scrna/qc/marker_heatmap.pdf	github	23668	0.022572	c49e4711ab51d31f126875f1a67514b7d688b43d939ddfca492f6cacbaac9469	code, metadata, manifest, or small benchmark result
benchmarks/results/gse154778_pdac_scrna/qc/myeloid_claim_readiness_summary.csv	github	1235	0.001178	33620023433796a92c379d34d3ad9aa4238c309a5ec72d599b1154a8a7be6072	code, metadata, manifest, or small benchmark result
benchmarks/results/gse154778_pdac_scrna/qc/qc_summary.csv	github	450	0.000429	cddeae98c50a33647fd67630abb5eca25abc9f57c655ed444b4d7db2929201e8	code, metadata, manifest, or small benchmark result
benchmarks/results/gse154778_pdac_scrna/qc/sample_support_by_cell_type.csv	github	2500	0.002384	59593f0ef4737da71ddd01fdb1d5b70a0eab0c20e9ab201b0aed1ad73bc7c984	code, metadata, manifest, or small benchmark result
benchmarks/results/gse154778_pdac_scrna/reannotation/GSE154778_REANNOTATION_READINESS_REPORT.md	github	287	0.000274	e0a9767a70b99a67261b6056f5c64eba4a5047004c17c8b1f240738c8bdbaa42	code, metadata, manifest, or small benchmark result
benchmarks/results/gse154778_pdac_scrna/reannotation/reannotation_readiness.csv	github	818	0.00078	8c4b1ce9ba8c09d1028a814ceb0cd15bd5a3b1dd97c433cfd4cc14ed7d2f1168	code, metadata, manifest, or small benchmark result
benchmarks/results/gse154778_pdac_scrna/reannotation/scanpy_cell_annotations.csv	github	114608	0.109299	d18e1df297d46318e6f68e8d14a67084b2db8303ff74cb1b3bf4b8fecd382a37	code, metadata, manifest, or small benchmark result
benchmarks/results/gse154778_pdac_scrna/reannotation/scanpy_cluster_marker_labels.csv	github	464	0.000443	95fed61990fffea0d9b7a8104f2ad467c880f9987d0dd7dcea585f6ba9266289	code, metadata, manifest, or small benchmark result
benchmarks/results/gse154778_pdac_scrna/reannotation/scanpy_reannotation_run_summary.csv	github	271	0.000258	64ce0ef31b9593ef36eb3190e9b9f39f0e790c85b41aca7a26c20e0ef2fc3b22	code, metadata, manifest, or small benchmark result
benchmarks/results/gse154778_pdac_scrna/results/frustration_permutation_pvalues.csv	github	977	0.000932	11af5de2aa1928e342409a5d1ce26bec87a726905dd5e9297c618b9e610cac56	code, metadata, manifest, or small benchmark result
benchmarks/results/gse154778_pdac_scrna/results/global_permutation_pvalues.csv	github	511	0.000487	e9031c6c7eba3046df911279f45b3afa03ad6c56da686880ac18b811c6a2c280	code, metadata, manifest, or small benchmark result
benchmarks/results/gse154778_pdac_scrna/results/hodge_decomposition_scores.csv	github	2030	0.001936	4d02fd7ec149af145da2ad222440741ebb2bfb19a27e10a3f4124859e9332c0c	code, metadata, manifest, or small benchmark result
benchmarks/results/gse154778_pdac_scrna/results/sheaf_energy_by_edge.csv	github	25886	0.024687	af4b5063030b6a98ee27934c05767f770174bf7714d14e243c271d2c463ff154	code, metadata, manifest, or small benchmark result
benchmarks/results/gse154778_pdac_scrna/results/sheaf_energy_permutation_pvalues.csv	github	8783	0.008376	b58133b7b216aa4648f0ee317833ed9eab5c375d9d63f098ba2be53962c312fb	code, metadata, manifest, or small benchmark result
benchmarks/results/gse154778_pdac_scrna/stability/bootstrap_frustration_by_cell_type.csv	github	189617	0.180833	16c679fb7bdaff5a984a52ad800e85ae65576743a844f6862217b16f6bf0b79e	code, metadata, manifest, or small benchmark result
benchmarks/results/gse154778_pdac_scrna/stability/bootstrap_frustration_stability.pdf	github	16708	0.015934	5e0e6f39f142e448eb0f0f00b1be7c98019ca4f976d1811d13f1d04bb5c96583	code, metadata, manifest, or small benchmark result
benchmarks/results/gse154778_pdac_scrna/stability/bootstrap_frustration_summary.csv	github	2109	0.002011	ab27ce2dfcda0092a77f978ee84d0c1ce7f0004d3c0e4a3b38628025645ef1fc	code, metadata, manifest, or small benchmark result
benchmarks/results/gse154778_pdac_scrna/stability/bootstrap_global_scores.csv	github	26413	0.025189	84d0508f5d689e06822321d42c63fe401edacff46fc68fbb79172f7af1587b95	code, metadata, manifest, or small benchmark result
benchmarks/results/gse154778_pdac_scrna/stability/sample_level_frustration.csv	github	4635	0.00442	e7b7e0989257494e3d49fdfa067891798f998cb02be6adde30a283b7f114ba31	code, metadata, manifest, or small benchmark result
benchmarks/results/gse154778_pdac_scrna/stability/sample_level_myeloid_stability.pdf	github	15342	0.014631	cb879e5cc8aabafd9672d6a245f5c5fc0fac647a2a8e076ec09827dc3d1b6816	code, metadata, manifest, or small benchmark result
benchmarks/results/gse154778_pdac_scrna/stability/sample_level_myeloid_stability_summary.csv	github	819	0.000781	e089fbef101a203189b0b047c5f199540656662908deeb35338dfca5a6d91b7d	code, metadata, manifest, or small benchmark result
benchmarks/results/gse154778_pdac_scrna/stratified/lesion_edge_sheaf_energy.csv	github	40717	0.038831	c9abcd016c7acb4da9b2bf4257f9cc61aebef603561533324ccc75a20e98820d	code, metadata, manifest, or small benchmark result
benchmarks/results/gse154778_pdac_scrna/stratified/lesion_frustration_by_cell_type.csv	github	3764	0.00359	6b12665d1d92170287da697677a0c762dd7be2d71c6291cb991276f36032710a	code, metadata, manifest, or small benchmark result
benchmarks/results/gse154778_pdac_scrna/stratified/lesion_frustration_scores.pdf	github	17180	0.016384	db82958d097e98ffa9399bb9d2009774295c5adf7f2201302ed47eb720d572f4	code, metadata, manifest, or small benchmark result
benchmarks/results/gse154778_pdac_scrna/stratified/lesion_sheafsignal_summary.csv	github	892	0.000851	799e98107292e4224be9683d63c47c1caf2116044e2ddd0f8e73c1c5aae743fc	code, metadata, manifest, or small benchmark result
benchmarks/results/gse176078_brca_scrna/comparator_inputs/README.md	github	1307	0.001246	4f42059f8ff2fb6d5c6a4eb056c81bfcd863d0c03a8f3629f9eeec188413414c	code, metadata, manifest, or small benchmark result
benchmarks/results/gse176078_brca_scrna/comparator_inputs/cell_type_counts.csv	github	648	0.000618	afce30060d215bc4812eb77b0e5b0a7712316a26fff322b207dd8a9ee608cdba	code, metadata, manifest, or small benchmark result
benchmarks/results/gse176078_brca_scrna/comparator_inputs/cell_type_profiles.csv	github	8821	0.008412	ef6f2330f69ec9c2e2b3586679d4eddc186f0250147aa51cc75b09d62fa5ab6e	code, metadata, manifest, or small benchmark result
benchmarks/results/gse176078_brca_scrna/comparator_inputs/external_comparator_template.csv	github	62	5.9e-05	8467bc94433c885c6288b17451a4294e49466724853e2ac250d54de0de44dda3	code, metadata, manifest, or small benchmark result
benchmarks/results/gse176078_brca_scrna/comparator_inputs/ligand_receptor_pairs.csv	github	696	0.000664	43ef0bd1e23593d4c71df7ecdffddcf6b80c34106b89e3d32a851a882f76a806	code, metadata, manifest, or small benchmark result
benchmarks/results/gse176078_brca_scrna/comparator_inputs/manifest.tsv	github	984	0.000938	74bce9b353200c1f48fb307990c50bf4300c9156a12852dab02cf9a04bd497de	code, metadata, manifest, or small benchmark result
benchmarks/results/gse176078_brca_scrna/comparator_inputs/sheafsignal_edge_template.csv	github	12931	0.012332	55bef580e6c0374036ff63e062e22d39108d2dd9261c621084e883a6fff03e92	code, metadata, manifest, or small benchmark result
benchmarks/results/gse176078_brca_scrna/comparators/cellchat_edges.csv	github	6695	0.006385	b97919f25b9159473321f56dc3a60e4ac414587586d4259fbfb652208084370e	code, metadata, manifest, or small benchmark result
benchmarks/results/gse176078_brca_scrna/comparators/cellchat_run/cellchat_communication.csv	github	10641	0.010148	3545d8608b9dd4c5316a386a479abe50390e8c78a9c01c039e0152947b0f651d	code, metadata, manifest, or small benchmark result
benchmarks/results/gse176078_brca_scrna/comparators/cellchat_run/cellchat_run_status.tsv	github	29	2.8e-05	ff290cb71a0c11cdc105a9ad788bc6df7a2833206c6961fa2078c43f33bf5a0b	code, metadata, manifest, or small benchmark result
benchmarks/results/gse176078_brca_scrna/comparators/cellphonedb_edges.csv	github	4951	0.004722	4e3d25400b6a8101bccac1da62af6d4aa1c82d2764cfb5371da3ca17e554103f	code, metadata, manifest, or small benchmark result
benchmarks/results/gse176078_brca_scrna/comparators/cellphonedb_run/cellphonedb_command.txt	github	480	0.000458	07e816de75370de490e77b50a661e1936a7f7a284fa02bbb69e85ff511dd5607	code, metadata, manifest, or small benchmark result
benchmarks/results/gse176078_brca_scrna/comparators/cellphonedb_run/cellphonedb_meta.tsv	github	3676073	3.505776	40b9b1c86ad9ffefa3d182076db2cd170fbb818b3808f66f8db6bdce1583f1e2	code, metadata, manifest, or small benchmark result
benchmarks/results/gse176078_brca_scrna/comparators/cellphonedb_run/cellphonedb_run_metadata.json	github	1081	0.001031	d76648aa7147d7850415fd3d1c9968a169b8bc7ecfe57297001b22f61142b940	code, metadata, manifest, or small benchmark result
benchmarks/results/gse176078_brca_scrna/comparators/cellphonedb_run/statistical_analysis_deconvoluted_05_01_2026_170912.txt	github	1912	0.001823	7c02536c426da29fc14bec42bbdef69ce40a859ac5abfb8dcfb021148660b86e	code, metadata, manifest, or small benchmark result
benchmarks/results/gse176078_brca_scrna/comparators/cellphonedb_run/statistical_analysis_deconvoluted_percents_05_01_2026_170912.txt	github	1904	0.001816	a2a7965f1c4c88c53a06f5d25cc88c42509353b81aad41fa4a4a47a92e247702	code, metadata, manifest, or small benchmark result
benchmarks/results/gse176078_brca_scrna/comparators/cellphonedb_run/statistical_analysis_interaction_scores_05_01_2026_170912.txt	github	5095	0.004859	f779a7b7ca5d659c86de9dde4fac723b3fc084fd339d8d23bafb61e8c66914ea	code, metadata, manifest, or small benchmark result
benchmarks/results/gse176078_brca_scrna/comparators/cellphonedb_run/statistical_analysis_means_05_01_2026_170912.txt	github	5930	0.005655	aa667bf8b0bc8f2d14ffde7693aac889cdea6bffc5661aebbf64733063619087	code, metadata, manifest, or small benchmark result
benchmarks/results/gse176078_brca_scrna/comparators/cellphonedb_run/statistical_analysis_pvalues_05_01_2026_170912.txt	github	4956	0.004726	635ce028cd4daeb335e9888000dfea0f76d6dbc488ef64788a87251906045b70	code, metadata, manifest, or small benchmark result
benchmarks/results/gse176078_brca_scrna/comparators/cellphonedb_run/statistical_analysis_significant_means_05_01_2026_170912.txt	github	3729	0.003556	6ae303fb85c8a16ce8e721fe5bd8577feed61a73da9e605687beaad1e68bfb17	code, metadata, manifest, or small benchmark result
benchmarks/results/gse176078_brca_scrna/comparators/liana_edges.csv	github	11424	0.010895	8cbab8483abbd499c47e8e3d4e356d03fea37518a3d866823d5443e209cccb06	code, metadata, manifest, or small benchmark result
benchmarks/results/gse176078_brca_scrna/comparators/liana_run/liana_external_edges.csv	github	58513	0.055802	7b1394de4cc3d2aeca58282f865152e56640658a8dc6ecdef31de3658a076899	code, metadata, manifest, or small benchmark result
benchmarks/results/gse176078_brca_scrna/comparators/liana_run/liana_raw_results.csv	github	51939	0.049533	2df880719b7eb51c5b77852b6772abeaa50589abaeab94ffbb9d2323e4c1c6f4	code, metadata, manifest, or small benchmark result
benchmarks/results/gse176078_brca_scrna/comparators/liana_run/liana_run_metadata.json	github	335	0.000319	81269847872d419260f7d8935fe76260363e2d3539d843a02ab05ed405f456f0	code, metadata, manifest, or small benchmark result
benchmarks/results/gse176078_brca_scrna/comparators/lr_product_baseline_edges.csv	github	13035	0.012431	9b2fa2abd33c025d41de7660358a9119405d983b0d9105685311b5b0446306a9	code, metadata, manifest, or small benchmark result
benchmarks/results/gse176078_brca_scrna/comparators/mechanistic_target_prior_run/mechanistic_target_prior_metadata.json	github	574	0.000547	b1fcbe7d3ad751e036a3781fdb5e5cdab5f9c5d96450787c668d51be9da351c5	code, metadata, manifest, or small benchmark result
benchmarks/results/gse176078_brca_scrna/comparators/mechanistic_target_prior_run/mechanistic_target_prior_raw_edges.csv	github	229434	0.218805	19bd1646d3be74fdf01529764bc782f031c61538e6d0a986ca1d092674886b98	code, metadata, manifest, or small benchmark result
benchmarks/results/gse176078_brca_scrna/comparators/mechanistictargetprior_edges.csv	github	10912	0.010406	c037229b7dcc10823836f9e6f0ec353bcd1ff889b8361174be4476cbfb24ee13	code, metadata, manifest, or small benchmark result
benchmarks/results/gse176078_brca_scrna/comparators/nichenet_edges.csv	github	9999	0.009536	4d8df9b5c7795f1c4e09bfd5c1d62c6a692efc9778dd3e2dc798be3a2d35a941	code, metadata, manifest, or small benchmark result
benchmarks/results/gse176078_brca_scrna/comparators/nichenet_prior_run/nichenet_prior_metadata.json	github	599	0.000571	92d54ab5d654c2b186c7d6b59f693adcf53922dfad16d6a5ed10c2e00c541160	code, metadata, manifest, or small benchmark result
benchmarks/results/gse176078_brca_scrna/comparators/nichenet_prior_run/nichenet_prior_raw_edges.csv	github	109774	0.104689	80a00f778ace79817724c76f5a4dfe71adb21b101e7ab62bf06d876811f2268b	code, metadata, manifest, or small benchmark result
benchmarks/results/gse176078_brca_scrna/comparators/sheafsignal_vs_cellchat.csv	github	22239	0.021209	2d324fd584d58b70149e3699c8b8a2fecee4e8d269aeda5010725458166f5781	code, metadata, manifest, or small benchmark result
benchmarks/results/gse176078_brca_scrna/comparators/sheafsignal_vs_cellphonedb.csv	github	20410	0.019464	5db8e992fa86b82b03d9edd813908df843f81d24e8f25e9ef5abfdb8105e52d9	code, metadata, manifest, or small benchmark result
benchmarks/results/gse176078_brca_scrna/comparators/sheafsignal_vs_liana.csv	github	22153	0.021127	25a9b85d96e1593e2381f810a976b65ae897845f47bf2d12d09305269bc913b1	code, metadata, manifest, or small benchmark result
benchmarks/results/gse176078_brca_scrna/comparators/sheafsignal_vs_lr_product_baseline.csv	github	24766	0.023619	e9b3f0b5cd866ec16499cbf2d35c937dc03ed41d38081665f1df355a26d98f18	code, metadata, manifest, or small benchmark result
benchmarks/results/gse176078_brca_scrna/comparators/sheafsignal_vs_mechanistictargetprior.csv	github	21282	0.020296	02b08c714d7c4147550a2bb3751b350ed635c4017a0e8a8dd5b91a0144407488	code, metadata, manifest, or small benchmark result
benchmarks/results/gse176078_brca_scrna/comparators/sheafsignal_vs_nichenet.csv	github	20439	0.019492	33a41b800bb5dfe4ff8342fb8e3e1856a0cafb8d3302da26162b6769a52af4c4	code, metadata, manifest, or small benchmark result
benchmarks/results/gse176078_brca_scrna/results/frustration_permutation_pvalues.csv	github	1095	0.001044	e01466afb3c739687c3882d99792518ed9147bc65dc6ab5386208a621b62cf7c	code, metadata, manifest, or small benchmark result
benchmarks/results/gse176078_brca_scrna/results/global_permutation_pvalues.csv	github	500	0.000477	5b7931244d20a4e5b873a9a867202afb820dd63a01c56639d872a6603ea89550	code, metadata, manifest, or small benchmark result
benchmarks/results/gse176078_brca_scrna/results/hodge_decomposition_scores.csv	github	2258	0.002153	570bb1f574dd84b94ab709063995aba4b0d5b77d42cecbacaa7ac01fdfbdd038	code, metadata, manifest, or small benchmark result
benchmarks/results/gse176078_brca_scrna/results/sheaf_energy_by_edge.csv	github	33917	0.032346	0e868b48ecefbea7a572bb42f1ce7984a011f467b99b6b0e151c2606548f1765	code, metadata, manifest, or small benchmark result
benchmarks/results/gse176078_brca_scrna/results/sheaf_energy_permutation_pvalues.csv	github	11164	0.010647	9387d00ae1442dfb11daa980655301af308113689dbd168c41d37417f367401c	code, metadata, manifest, or small benchmark result
benchmarks/results/gse72056_melanoma_scrna/comparator_inputs/README.md	github	1313	0.001252	7d71eb82497359d0e4d6dfc541993a4ff524c1314115f504804d3e9db1019fcf	code, metadata, manifest, or small benchmark result
benchmarks/results/gse72056_melanoma_scrna/comparator_inputs/cell_type_counts.csv	github	156	0.000149	7a867b59dbb958a5b8291147cf952e8169ee3f1cf5640ffa5a6b596aea090775	code, metadata, manifest, or small benchmark result
benchmarks/results/gse72056_melanoma_scrna/comparator_inputs/cell_type_profiles.csv	github	6957	0.006635	1d0ab49ad538cf8f2079345cd47a2f4ad4d008e975b7c5cc1620218f853505da	code, metadata, manifest, or small benchmark result
benchmarks/results/gse72056_melanoma_scrna/comparator_inputs/external_comparator_template.csv	github	62	5.9e-05	8467bc94433c885c6288b17451a4294e49466724853e2ac250d54de0de44dda3	code, metadata, manifest, or small benchmark result
benchmarks/results/gse72056_melanoma_scrna/comparator_inputs/ligand_receptor_pairs.csv	github	696	0.000664	43ef0bd1e23593d4c71df7ecdffddcf6b80c34106b89e3d32a851a882f76a806	code, metadata, manifest, or small benchmark result
benchmarks/results/gse72056_melanoma_scrna/comparator_inputs/manifest.tsv	github	1020	0.000973	37a98e235f0d13bfe2d6041bacff56aaec219cb65f103ae577bf39e2bd0f270e	code, metadata, manifest, or small benchmark result
benchmarks/results/gse72056_melanoma_scrna/comparator_inputs/sheafsignal_edge_template.csv	github	9539	0.009097	0482a1b0bb714527c9d3ef53948723d8791ac1c1f5907a7dd03776976e3ad169	code, metadata, manifest, or small benchmark result
benchmarks/results/gse72056_melanoma_scrna/comparators/cellchat_edges.csv	github	8887	0.008475	3759e41bbf77de77da765aacb9e09f4f2e5ba25396974422fcef7d7228e73de9	code, metadata, manifest, or small benchmark result
benchmarks/results/gse72056_melanoma_scrna/comparators/cellchat_run/cellchat_communication.csv	github	20342	0.0194	609fa4355c3759c311e4dd94c204470c1aca8c64b2910bb0af4255a485f31d93	code, metadata, manifest, or small benchmark result
benchmarks/results/gse72056_melanoma_scrna/comparators/cellchat_run/cellchat_run_status.tsv	github	30	2.9e-05	02018d4f7161f19a10f5dac6983308b5b8b78e90781f11079910a94b1ba8527f	code, metadata, manifest, or small benchmark result
benchmarks/results/gse72056_melanoma_scrna/comparators/cellphonedb_edges.csv	github	5776	0.005508	a76de6caaf0c8033abbcdb03211a6623118a64126eb070ff864e30c58e0fa967	code, metadata, manifest, or small benchmark result
benchmarks/results/gse72056_melanoma_scrna/comparators/cellphonedb_run/cellphonedb_command.txt	github	489	0.000466	4bd5ae616fbe35e6af68334da3806dd798024e8dda6f4daf3b762c88782226cc	code, metadata, manifest, or small benchmark result
benchmarks/results/gse72056_melanoma_scrna/comparators/cellphonedb_run/cellphonedb_counts.tsv	github	1295319	1.235312	cb2579c1011244697ed9b9b5f37f619eefa1be2967de1fbb0cfa65057591dfe9	code, metadata, manifest, or small benchmark result
benchmarks/results/gse72056_melanoma_scrna/comparators/cellphonedb_run/cellphonedb_meta.tsv	github	193421	0.184461	970f78d21c59046994c345873bee92ee23dc02b64dd0f5c83564839cf18543f7	code, metadata, manifest, or small benchmark result
benchmarks/results/gse72056_melanoma_scrna/comparators/cellphonedb_run/cellphonedb_run_metadata.json	github	1093	0.001042	30d6a55354d07c570c816b212c9f60f02b237cd9fe34d85291cf961a847cbac8	code, metadata, manifest, or small benchmark result
benchmarks/results/gse72056_melanoma_scrna/comparators/cellphonedb_run/statistical_analysis_deconvoluted_05_01_2026_165143.txt	github	1778	0.001696	9a14686e30104376ac5f507bc0f50ccbe65de3e4667c07e46c5c7b29a55938a6	code, metadata, manifest, or small benchmark result
benchmarks/results/gse72056_melanoma_scrna/comparators/cellphonedb_run/statistical_analysis_deconvoluted_percents_05_01_2026_165143.txt	github	1776	0.001694	878819387896f4c23f74cba0e839c911cfe5ffd16eae2c8dbee8829bedd43a7d	code, metadata, manifest, or small benchmark result
benchmarks/results/gse72056_melanoma_scrna/comparators/cellphonedb_run/statistical_analysis_interaction_scores_05_01_2026_165143.txt	github	4202	0.004007	20cba5ea421f9ac850a2a5d5ef6d40f246a46e69c440afaa3126fc69c66bd5c3	code, metadata, manifest, or small benchmark result
benchmarks/results/gse72056_melanoma_scrna/comparators/cellphonedb_run/statistical_analysis_means_05_01_2026_165143.txt	github	4631	0.004416	c1b56af96da71735cc97140bf3d62703928303b8100132ddcb6f49aebaf7990e	code, metadata, manifest, or small benchmark result
benchmarks/results/gse72056_melanoma_scrna/comparators/cellphonedb_run/statistical_analysis_pvalues_05_01_2026_165143.txt	github	3998	0.003813	2863114026f4fd27ac4e8a552802fca456bb42ab5898cbf0e047919fa87bd856	code, metadata, manifest, or small benchmark result
benchmarks/results/gse72056_melanoma_scrna/comparators/cellphonedb_run/statistical_analysis_significant_means_05_01_2026_165143.txt	github	3162	0.003016	0f8054fdce75c5ca3a0b60e6e6630113c4c4a546aefd2efb98c14ed781eb0b10	code, metadata, manifest, or small benchmark result
benchmarks/results/gse72056_melanoma_scrna/comparators/liana_edges.csv	github	8415	0.008025	7328bec107d2690b1d60a8c03ebd117a75999363072f2b0284092c2dc416b682	code, metadata, manifest, or small benchmark result
benchmarks/results/gse72056_melanoma_scrna/comparators/liana_run/liana_external_edges.csv	github	47023	0.044845	033aeda28e16e5331b50d1375fd004f258ce93b51da201cf22cf3e6cddde8445	code, metadata, manifest, or small benchmark result
benchmarks/results/gse72056_melanoma_scrna/comparators/liana_run/liana_raw_results.csv	github	46166	0.044027	c651895aeecf52d34ecbe51359a8d0a9e0563fb669a3c4edd926d5d26d84d08a	code, metadata, manifest, or small benchmark result
benchmarks/results/gse72056_melanoma_scrna/comparators/liana_run/liana_run_metadata.json	github	339	0.000323	8caa78acd47f613139999138a50465fad0d471ed487dccfaac265181e889629c	code, metadata, manifest, or small benchmark result
benchmarks/results/gse72056_melanoma_scrna/comparators/lr_product_baseline_edges.csv	github	9699	0.00925	0ab37e1f18d7b73336593442940984cf2cc487f663b1ea9d64699f195ed64fa9	code, metadata, manifest, or small benchmark result
benchmarks/results/gse72056_melanoma_scrna/comparators/mechanistic_target_prior_run/mechanistic_target_prior_metadata.json	github	580	0.000553	867b08aff2ee3c4be7ff70a2de0d98be3e06184763ebcadf8777bdeb94237c72	code, metadata, manifest, or small benchmark result
benchmarks/results/gse72056_melanoma_scrna/comparators/mechanistic_target_prior_run/mechanistic_target_prior_raw_edges.csv	github	156609	0.149354	6af0a4cfeca4c9ecd00e6063d079a0844bd642764f46df2fa51c46e8d85c1c80	code, metadata, manifest, or small benchmark result
benchmarks/results/gse72056_melanoma_scrna/comparators/mechanistictargetprior_edges.csv	github	8158	0.00778	53a53a5e39c34807149d9fd92740c8970d1b2706162c362fe3a639d62f5a58f8	code, metadata, manifest, or small benchmark result
benchmarks/results/gse72056_melanoma_scrna/comparators/nichenet_edges.csv	github	7482	0.007135	2a1750be24bf66b2b80d34c3fa323c9b7299d078efcead21be708386233ed49a	code, metadata, manifest, or small benchmark result
benchmarks/results/gse72056_melanoma_scrna/comparators/nichenet_prior_run/nichenet_prior_metadata.json	github	605	0.000577	8b30d403164a97fc7e471cf7e928735835f4588f6d6adcdd2b08b9ff9f94d48f	code, metadata, manifest, or small benchmark result
benchmarks/results/gse72056_melanoma_scrna/comparators/nichenet_prior_run/nichenet_prior_raw_edges.csv	github	72387	0.069034	61edd64cf35b1d43a4791b945d778b963f56a819332660f7d711da7cf8648115	code, metadata, manifest, or small benchmark result
benchmarks/results/gse72056_melanoma_scrna/comparators/sheafsignal_vs_cellchat.csv	github	20069	0.019139	ed97db7af0df4a2c16bdbbb7bc2eb8c051049f1914c1a6df9fe8ec01a9a771aa	code, metadata, manifest, or small benchmark result
benchmarks/results/gse72056_melanoma_scrna/comparators/sheafsignal_vs_cellphonedb.csv	github	16858	0.016077	f6d40278773367bbe2c6ebf2ce01c4bc36cc42a2422f2c978ce29669b4d42e50	code, metadata, manifest, or small benchmark result
benchmarks/results/gse72056_melanoma_scrna/comparators/sheafsignal_vs_liana.csv	github	16634	0.015863	4f3f0a6508d0e084c7f83e204f1147682e17b1a98ee8286011f2a76fc48e58bb	code, metadata, manifest, or small benchmark result
benchmarks/results/gse72056_melanoma_scrna/comparators/sheafsignal_vs_lr_product_baseline.csv	github	18498	0.017641	bf76dc30e09e7ff1dfcaec95c992bf0b98496d3fa26dc6315fed52aff9d71da9	code, metadata, manifest, or small benchmark result
benchmarks/results/gse72056_melanoma_scrna/comparators/sheafsignal_vs_mechanistictargetprior.csv	github	16121	0.015374	86f1499d437c202bec3c364ac9ff51351d4c4eb51a3b335d457eb44023d402f3	code, metadata, manifest, or small benchmark result
benchmarks/results/gse72056_melanoma_scrna/comparators/sheafsignal_vs_nichenet.csv	github	15459	0.014743	10306df2ebfa901c1d7f0eacc48d19f57e5d1fc78cfcc2bc4cfc8f2517311121	code, metadata, manifest, or small benchmark result
benchmarks/results/gse72056_melanoma_scrna/results/frustration_permutation_pvalues.csv	github	969	0.000924	7da81dae46a9cc2f6b4db701889581b684a37f44d17cd91d3333a0ae554da454	code, metadata, manifest, or small benchmark result
benchmarks/results/gse72056_melanoma_scrna/results/global_permutation_pvalues.csv	github	500	0.000477	7289aaca09bcaafd91dba29718530e88bf201516fea1ce19080daaf3be1bb7a7	code, metadata, manifest, or small benchmark result
benchmarks/results/gse72056_melanoma_scrna/results/hodge_decomposition_scores.csv	github	2029	0.001935	a51d3d182110511ac957fe6b4c8f251a5f4a751e2d68412b9fe77ed80c50df45	code, metadata, manifest, or small benchmark result
benchmarks/results/gse72056_melanoma_scrna/results/sheaf_energy_by_edge.csv	github	25800	0.024605	3dd5810bc24bc0f36e88fb836cd94ee648924a185758bb797334f635cd394c79	code, metadata, manifest, or small benchmark result
benchmarks/results/gse72056_melanoma_scrna/results/sheaf_energy_permutation_pvalues.csv	github	8792	0.008385	879bc37732abbb4f963557ed68402bdd733e95f2ee197b41c7fd76fc83a1af4f	code, metadata, manifest, or small benchmark result
benchmarks/results/harmonic_ring_edges.csv	github	79	7.5e-05	9b941a510b28f025d709588ded790bef2569c0c2d87b3906bda8444e563865de	code, metadata, manifest, or small benchmark result
benchmarks/results/mixed_edges.csv	github	183	0.000175	44ae3450379843df49403fd84d629d047b83cdf843a7fafd963a0f606e18347c	code, metadata, manifest, or small benchmark result
benchmarks/results/public_dataset_preparation_plan.csv	github	612	0.000584	dd417f5fccb7deb864a1a366b82ef15f0d3ff9270bb6b062bf70bd78bba181c3	code, metadata, manifest, or small benchmark result
benchmarks/results/public_tme_sheafsignal_summary.csv	github	1514	0.001444	461cdd5fbecb2fa4b426ea4ff4913c16c7759a8f68c48b43e95b800204590b62	code, metadata, manifest, or small benchmark result
benchmarks/results/reviewer_objection_response_table.csv	github	4473	0.004266	9505a816a32805da490bd44f3329ba3b30c0bbca07da440eb28a446b19c951aa	code, metadata, manifest, or small benchmark result
benchmarks/results/sensitivity/SENSITIVITY_PANEL_REPORT.md	github	295	0.000281	041b2626d7ba3054bd82573c5a0d2de2fa2347a9a6bb53d96140b8b5977db0bb	code, metadata, manifest, or small benchmark result
benchmarks/results/sensitivity/sensitivity_panel.csv	github	5814	0.005545	758d695d504167a0a7b99f5a54169eee906007c1eb89033ce97ebe738856c4a2	code, metadata, manifest, or small benchmark result
benchmarks/results/simulation_component_recovery.csv	github	612	0.000584	85895d35636a96ce2941a5bc8a1634ff3b02ba54740f1b213d45f2c2ec1f1025	code, metadata, manifest, or small benchmark result
benchmarks/results/spatial_frustration_hotspots.csv	github	1221751	1.165153	2047c8b984009df901da31d93aa113b6fb45760078cb5a680740ed49d893a923	code, metadata, manifest, or small benchmark result
benchmarks/results/tenx_breast_visium/comparator_inputs/README.md	github	1303	0.001243	92da4d7d69b0c1b9f36d05f61cfccddce6da541724c9fcbbee33180f621ec698	code, metadata, manifest, or small benchmark result
benchmarks/results/tenx_breast_visium/comparator_inputs/cell_type_counts.csv	github	246	0.000235	7597c81cc95681941cf497b4247ef2baf2343832198a8e66b5d37f1e7d4a1792	code, metadata, manifest, or small benchmark result
benchmarks/results/tenx_breast_visium/comparator_inputs/cell_type_profiles.csv	github	5738	0.005472	9c60eb6e0f565388228c16340b36e54c9477358f96f97c24ec172ea18fa8fe29	code, metadata, manifest, or small benchmark result
benchmarks/results/tenx_breast_visium/comparator_inputs/external_comparator_template.csv	github	62	5.9e-05	8467bc94433c885c6288b17451a4294e49466724853e2ac250d54de0de44dda3	code, metadata, manifest, or small benchmark result
benchmarks/results/tenx_breast_visium/comparator_inputs/ligand_receptor_pairs.csv	github	696	0.000664	43ef0bd1e23593d4c71df7ecdffddcf6b80c34106b89e3d32a851a882f76a806	code, metadata, manifest, or small benchmark result
benchmarks/results/tenx_breast_visium/comparator_inputs/manifest.tsv	github	960	0.000916	37274fa24b70681b468b932f74dd18614e9716983d94d7b35fcc3f300d5402c2	code, metadata, manifest, or small benchmark result
benchmarks/results/tenx_breast_visium/comparator_inputs/sheafsignal_edge_template.csv	github	6953	0.006631	c13f27de78c6eba2b4062964d5b818a8b6479341700b3fbc91787ef2e0a972e2	code, metadata, manifest, or small benchmark result
benchmarks/results/tenx_breast_visium/comparators/lr_product_baseline_edges.csv	github	6878	0.006559	cfa380dfb67ed88cb778b26d8125bcc5c66c7a43fe7f7ef3ec2b7977e2456c8b	code, metadata, manifest, or small benchmark result
benchmarks/results/tenx_breast_visium/comparators/sheafsignal_vs_lr_product_baseline.csv	github	13348	0.01273	0933bebfc75bffbde757e2203064e93a96c471a129671639dfef7e89b4f0b452	code, metadata, manifest, or small benchmark result
benchmarks/results/tenx_breast_visium/results/frustration_permutation_pvalues.csv	github	859	0.000819	344526169f17eb3ffdfbcbd2f70fbb55ca60f6a6aea6e01bf0d56103f7a77536	code, metadata, manifest, or small benchmark result
benchmarks/results/tenx_breast_visium/results/global_permutation_pvalues.csv	github	533	0.000508	1bb3def4c5945dd2aebada6605c52a9fa1c0bf06791be880dd57f29ff11f91d2	code, metadata, manifest, or small benchmark result
benchmarks/results/tenx_breast_visium/results/hodge_decomposition_scores.csv	github	1797	0.001714	02b54d81a0c98b5a18bebe483ddbcb7402127e541a8476b7f743e5b68bc99b15	code, metadata, manifest, or small benchmark result
benchmarks/results/tenx_breast_visium/results/sheaf_energy_by_edge.csv	github	18619	0.017756	f523650c526d9a1fb4d9c3c5f43a96f0b60a1444a398f1997773cd92b7840e7f	code, metadata, manifest, or small benchmark result
benchmarks/results/tenx_breast_visium/results/sheaf_energy_permutation_pvalues.csv	github	6356	0.006062	dd90d9dc5f309b5efb524bcedc37dda853d2167d39590ecb65fc7a6a42392ddb	code, metadata, manifest, or small benchmark result
benchmarks/results/tool_comparison.csv	github	13457	0.012834	3be67a2d18f4d5c78d0c94ef41bb4cadda31ecd266c59acdef3d5b546bf4e39d	code, metadata, manifest, or small benchmark result
benchmarks/results/triangle_curl_edges.csv	github	51	4.9e-05	7e1d863d46c274b896695b771881fb0bc774c9e81341744ea2b415fa7222eaec	code, metadata, manifest, or small benchmark result
data/README.md	github	1161	0.001107	a3b06c20f1146a6ee6941feabad416c3b959e01a7c3cb7a7e99c6e4c9049c4b8	small auxiliary repository file
docs/benchmark_plan.md	github	16215	0.015464	412d5f19e6a5faadadf7d9146961781cc99be9b440d06cacade9d563bac11231	code, metadata, manifest, or small benchmark result
docs/data_and_code_availability_template.md	github	2335	0.002227	984d95a48e7cf8a6b84fcf65559e849ad273bfeea6dcd14e1737ba6cc5b8891a	code, metadata, manifest, or small benchmark result
docs/github_release_checklist.md	github	1378	0.001314	19ea7705c36418f294bae16e88f3d8a45d68ebc3d4b581c2be00e17d844145b9	code, metadata, manifest, or small benchmark result
docs/method_note.md	github	2744	0.002617	a373114be5744bf2e116e01e04fa13dec2faa1430026aea31663b4488ffd3d19	code, metadata, manifest, or small benchmark result
docs/publication_strategy.md	github	4954	0.004725	1e23e3083cda3215ae716ef5ae892648f9259e79d857a408dc71a9304639a094	code, metadata, manifest, or small benchmark result
envs/cellchat_sessionInfo.txt	github	718	0.000685	30c074154a8a9cd9b99954d72b41bee99dda34aba9a28b439db14bcb5ab83beb	code, metadata, manifest, or small benchmark result
envs/cellphonedb_environment.yml	github	130	0.000124	2afc5f4039205395b0e561e44fcd91d88f4511f0a62d9b2a8d113657e8165e45	code, metadata, manifest, or small benchmark result
envs/environment.yml	github	200	0.000191	25b1952ee72a7772a58b25361fca2e5e52c46aa54e769dc3d78a8c0f0e1ead8f	code, metadata, manifest, or small benchmark result
envs/install_cellchat.R	github	715	0.000682	2624502aa5165e7ac2f4e5bc6abb381c52de9433e30aeac098d278337151bf03	code, metadata, manifest, or small benchmark result
envs/install_nichenetr.R	github	633	0.000604	1209f4d4417681eeb91ab0a34e5166661eca116d6b798a11cfd33a6dc71e1bfe	code, metadata, manifest, or small benchmark result
envs/liana_environment.yml	github	226	0.000216	20fcaa3e9a0e627a5146f6b6c478273e73f87962314dc878e6dce8b3e4ea835e	code, metadata, manifest, or small benchmark result
envs/reannotation_environment.yml	github	282	0.000269	a45b75fccb082fd7870bffca093fc759b13dc4b86f45c6a99ad888e7e467a710	code, metadata, manifest, or small benchmark result
examples/demo_expression.csv	github	582	0.000555	981a6bc8fc9bd7db638b6720ddc25490ff2e8d993299979ff3b3ee7510d684e0	code, metadata, manifest, or small benchmark result
examples/demo_ligand_receptor.csv	github	282	0.000269	b07cec6d61a7786e1403befbe21c1dfcde6939bdba1880127ffa695df9f6667e	code, metadata, manifest, or small benchmark result
examples/demo_metadata.csv	github	198	0.000189	2afb4a5f5158d5cc32ad8c99d6eb2e440a46fecd24f36c68d9040c1227824f7f	code, metadata, manifest, or small benchmark result
examples/demo_pathway_genes.txt	github	46	4.4e-05	35c13f1f1861a36d880931770f7df1161e72a27e22acfd297da82fa67a3388be	code, metadata, manifest, or small benchmark result
logs/download.log	github	1964	0.001873	165c897762505b0e47a11c26e914d748c91ce61832207e621bf3164e752cccaa	small auxiliary repository file
manuscript/AI_PRE_REVIEW_EXPOSURE_REPORT_2026-05-01.docx	github	46634	0.044474	ce75ecab4e979649cd93c8db8f4410d40d32c9a7c9f5e245e2fd46e4dd7f5e57	code, metadata, manifest, or small benchmark result
manuscript/AI_PRE_REVIEW_EXPOSURE_REPORT_2026-05-01.md	github	18794	0.017923	e8a32d44a3557d8133dc558349a129e164e794abf5566e45b016e2c3f4d81de3	code, metadata, manifest, or small benchmark result
manuscript/CLAIM_SAFETY_AUDIT.tsv	github	54866	0.052324	dd5a823602af8076782195b8eb6cde4e7ea027014ba9f74a53ed9c2871f4110e	code, metadata, manifest, or small benchmark result
manuscript/CLAIM_SAFETY_AUDIT_REPORT.md	github	512	0.000488	3e2e7e171af0f433d719665c6f1379c6b9cadef7428461e3e6d3ce7ab70003ae	code, metadata, manifest, or small benchmark result
manuscript/FINAL_SUBMISSION_BLOCKERS.tsv	github	23850	0.022745	c35c451d015cbbe33e440610483b3ec5398d6d4126ce504afd5fb996b8f3a898	code, metadata, manifest, or small benchmark result
manuscript/JOURNAL_TARGETS_20_50.tsv	github	3618	0.00345	fa07ceb00094a1c12967fbdd20731cc195efbcf26f8a24c27bbc6c3274aa13d4	code, metadata, manifest, or small benchmark result
manuscript/NATURE_METHODS_FORMAT_AUDIT.tsv	github	1213	0.001157	cd35605f1fe7b49c53824e762a97eecf76e0d2e77274d854a877054a58362d9d	code, metadata, manifest, or small benchmark result
manuscript/NATURE_METHODS_FORMAT_AUDIT_REPORT.md	github	506	0.000483	b633e36e79891f6dcf97dba894f50ee293531d54b803ff01a1a16268607f10c7	code, metadata, manifest, or small benchmark result
manuscript/NATURE_METHODS_GO_NO_GO_REPORT.md	github	1952	0.001862	df35a1879ba3b06e22780c51cd37534df76495624e965d9146d39eef63f1d8d6	code, metadata, manifest, or small benchmark result
manuscript/README.md	github	1266	0.001207	647a29196192d1cf8e1785a957fc22ed3ba21bf28139480bb2e86308ed120c92	code, metadata, manifest, or small benchmark result
manuscript/SCI20_50_ACTION_BOARD.md	github	6069	0.005788	d095bf176ff32d884df220dd2b46ee06797ed232822cb7b44766d84333e222e8	code, metadata, manifest, or small benchmark result
manuscript/SCI20_50_POSITIONING_NOTE.md	github	3438	0.003279	1ef593e6f7b1e7b7c386e55f193c180899115489bd873dc87a3b306561ef8281	code, metadata, manifest, or small benchmark result
manuscript/SCI20_50_SUBMISSION_GATES.tsv	github	4676	0.004459	702990a63780d7bdaf8a7a79360f2e132999d6b62eb4cad79a6a59491aeb6c4a	code, metadata, manifest, or small benchmark result
manuscript/SCI_AUTHOR_TODO.md	github	1115	0.001063	78d4b358ffc482e4b36a0dc42b1d561266d7ce83d40cf1b2e9511ae49737b857	code, metadata, manifest, or small benchmark result
manuscript/SCI_COVER_LETTER_NatureMethods.md	github	1714	0.001635	ab8f8a0d99ddbeaf6c38bd251586c656ac276ee4136a9ab816ff386cc44fc49b	code, metadata, manifest, or small benchmark result
manuscript/SCI_MANUSCRIPT_V1.md	github	14636	0.013958	fa25305532e22ed05986ed4be9af049620d6f9f26759848cd3326e7cb5429886	code, metadata, manifest, or small benchmark result
manuscript/SCI_MANUSCRIPT_V1_claim_tracked.md	github	15757	0.015027	78fa53c8352b0ded8fdf7071ac1014b948fa0123fa4c1c023e547987637c7ac7	code, metadata, manifest, or small benchmark result
manuscript/SCI_MANUSCRIPT_V2_CHANGELOG.tsv	github	911	0.000869	85110933ee67939567ea80843b28a46048624d3fe0c373ab6db1fe3be054137d	code, metadata, manifest, or small benchmark result
manuscript/SCI_MANUSCRIPT_V2_EDITORIAL_AUDIT.tsv	github	981	0.000936	0f197978ca2fedf95bedb373d331ac5c3ad3cd91b236d42a0305e60e868d29e0	code, metadata, manifest, or small benchmark result
manuscript/SCI_MANUSCRIPT_V2_POLISHED.md	github	16926	0.016142	61c910bc2d338ea4b6c5e570e883da50791873ee52d42ac37c655823c0eacd42	code, metadata, manifest, or small benchmark result
manuscript/SCI_MANUSCRIPT_V2_POLISHED_claim_tracked.md	github	2598	0.002478	dc7e4aa4821d7aa5eb80c6ac0a566b337fff5677841a36b315b4b315ac70b2d5	code, metadata, manifest, or small benchmark result
manuscript/SCI_TITLE_ABSTRACT_KEYWORDS.md	github	1580	0.001507	9788980bd61144fb72606529742785b7ddcdc5b9661b9b648c7c18980513fba3	code, metadata, manifest, or small benchmark result
manuscript/SUBMISSION_READINESS_REPORT.md	github	9999	0.009536	c18c60195123b9233611b57665ad390e98bada4f2a077dd5d0d34c829f68c52b	code, metadata, manifest, or small benchmark result
manuscript/SUPERGROK_MAJOR_REVISION_RESPONSE_STATUS_2026-05-01.md	github	6406	0.006109	0a40941c6c8a23a13553228dfc112b8aa5766b00f5a090e3c4e6a91d93a893c6	code, metadata, manifest, or small benchmark result
manuscript/claim_hardening/CLAIM_HARDENING_AUDIT.tsv	github	2196	0.002094	bedf7e944fd71f4d3b09cabacf5e467c88768c36f15155f37ffaecc6f4e89a17	code, metadata, manifest, or small benchmark result
manuscript/claim_hardening/CLAIM_HARDENING_REPORT.md	github	185	0.000176	b4fac8ee92db1a9ed2d2a17ffa2fa471e67ceca6916908c063dda7b980f3b4ed	code, metadata, manifest, or small benchmark result
manuscript/external_comparator_gate_summary.tsv	github	559	0.000533	9de43263c33e7c9aec5739b9a9201199f10e9f3fa123ed85b4e6a605c7d7129b	code, metadata, manifest, or small benchmark result
manuscript/figure_legends/00_figure_legend_inventory.tsv	github	4135	0.003943	afcdb3668f9d0016f0249615202ae54240bb4c8156ea088397fe67803a3d00f4	code, metadata, manifest, or small benchmark result
manuscript/figure_legends/01_main_figure_legends.md	github	3621	0.003453	5a8ea38745818b00efbcc6363b647d3c7cc0b4018e45444eef5e5b7f5bb527be	code, metadata, manifest, or small benchmark result
manuscript/figure_legends/02_supplementary_figure_legends.md	github	33990	0.032415	dad5bdaa0103477a4f0f3f7e4904cb079ae56bc0a43b42a2a3d566472efbb6d1	code, metadata, manifest, or small benchmark result
manuscript/figure_legends/03_figure_source_map.tsv	github	1783	0.0017	bb5388b890ede707825804c08424f5334bdbad2dc175dc3bcddf7a07e1de1a30	code, metadata, manifest, or small benchmark result
manuscript/figure_legends/04_figure_claim_boundary_checklist.tsv	github	2431	0.002318	97bb9a81ac6118c1803080986b0561405e98e445dc2b9c3226900196f1b2f5ba	code, metadata, manifest, or small benchmark result
manuscript/figure_manifest.tsv	github	11977	0.011422	e747a3d9f425563cdcf01b7a9362802394df2e18433326952857e09ac76dbed7	code, metadata, manifest, or small benchmark result
manuscript/figure_quality/MAIN_FIGURE_QUALITY_AUDIT.tsv	github	1460	0.001392	50375e5c44bd0d973efd9c461d68465b3716aee568554f75c7483612578eb18f	code, metadata, manifest, or small benchmark result
manuscript/figure_quality/MAIN_FIGURE_QUALITY_REPORT.md	github	1056	0.001007	667b1020ea8e0e767228d3ba83aafac48996cc53e0635317d9427f4a6c3bcd08	code, metadata, manifest, or small benchmark result
manuscript/method_reporting/METHOD_REPORTING_AUDIT.tsv	github	2896	0.002762	e9bc241379ff8d2824066ad6896eb6b64ce831b2224ae676a17bedcde0d448c5	code, metadata, manifest, or small benchmark result
manuscript/method_reporting/METHOD_REPORTING_REPORT.md	github	2113	0.002015	ca19d72568ba149f2eecc347e07f7d2822f8f55c16a6a940ee4897fe4debedab	code, metadata, manifest, or small benchmark result
manuscript/method_reporting/REVIEWER_RISK_REGISTER.tsv	github	2827	0.002696	2e5e931badb575cda92233f113bc91fe3a49cf2e58ca091959f9ccd0fedba607	code, metadata, manifest, or small benchmark result
manuscript/method_reporting/REVIEWER_RISK_REPORT.md	github	3766	0.003592	cab2ff6dac8d584f72fa1b8efc887e3d52ecbf191d69c0922709f1b78faffc8f	code, metadata, manifest, or small benchmark result
manuscript/nature_methods_package/00_title_page.md	github	486	0.000463	e80ff8ea9a4b26bd7111ae8e19a8303e166d3a57cf068533fb49a064e4957ee8	code, metadata, manifest, or small benchmark result
manuscript/nature_methods_package/01_abstract.md	github	1683	0.001605	a044a258bfe2f53605e0eced48acc03cf123809a194334739739dc44306bbcf1	code, metadata, manifest, or small benchmark result
manuscript/nature_methods_package/02_cover_letter_draft.md	github	1766	0.001684	5905cc82d49e1c75af356ae0a191968a90e16c4cef83233ac1a1b14826a69587	code, metadata, manifest, or small benchmark result
manuscript/nature_methods_package/03_main_text_skeleton.md	github	3443	0.003284	2b41b4fa292f8d9966266d4384fb617c7d0b604f28930ed005720b97e793bb35	code, metadata, manifest, or small benchmark result
manuscript/nature_methods_package/04_methods_skeleton.md	github	1890	0.001802	1b686deb616c99cc1372ce2c2175a7100ca0336c12292d044dc37abc69fae78f	code, metadata, manifest, or small benchmark result
manuscript/nature_methods_package/05_claim_evidence_map.tsv	github	1226	0.001169	fdb4e7d9af48960e18c0c39551a1d265e9172b146071488a3bd8fbaffa70f1f1	code, metadata, manifest, or small benchmark result
manuscript/nature_methods_package/06_figure_plan.tsv	github	718	0.000685	44ccce838fea8c775ca21363b069c97f028183e6fd74c3324506c7fbbb98394c	code, metadata, manifest, or small benchmark result
manuscript/nature_methods_package/07_submission_checklist.tsv	github	782	0.000746	98a39f1140612e1b6dfc722f637c3053844860cbf9438e8907a5996c1a6bca03	code, metadata, manifest, or small benchmark result
manuscript/nature_methods_package/08_claim_boundaries_and_limitations.md	github	1332	0.00127	57ef90bf459f69869ab54044df8fb763fc7f2f493631e3c39f6b7f55de776a70	code, metadata, manifest, or small benchmark result
manuscript/nature_methods_package/09_full_manuscript_draft.md	github	16926	0.016142	61c910bc2d338ea4b6c5e570e883da50791873ee52d42ac37c655823c0eacd42	code, metadata, manifest, or small benchmark result
manuscript/nature_methods_package/10_supplementary_information_draft.md	github	2109	0.002011	c79f48d4ac97607e2b45871041d3f871e3c03bdf982fe2c25ccd02be09cce419	code, metadata, manifest, or small benchmark result
manuscript/novelty_overlap/SHEAFSIGNAL_NOVELTY_OVERLAP_REPORT.md	github	595	0.000567	58c7fbf39b95afd93d61cc2000e0629e97b0231969344af63d65319af57418da	code, metadata, manifest, or small benchmark result
manuscript/novelty_overlap/SHEAFSIGNAL_NOVELTY_OVERLAP_TABLE.tsv	github	2358	0.002249	ef445f1249a8a76d0d162ea7c4dfc1d6e79195fdadf93dbced6edd2337027d28	code, metadata, manifest, or small benchmark result
manuscript/presubmission_inquiry/00_one_page_editor_summary.md	github	1521	0.001451	969692bd972a88798a76ed89aed44cf010b4bf769391fac7167f102fdd2df521	code, metadata, manifest, or small benchmark result
manuscript/presubmission_inquiry/01_presubmission_inquiry_letter.md	github	1987	0.001895	4546b751e7c330529334740911725b2227740edd75e545b7d01396173b0c06cf	code, metadata, manifest, or small benchmark result
manuscript/presubmission_inquiry/02_editorial_triage_risk_audit.tsv	github	1210	0.001154	091ebea7914621bcbae681974c18dba55d4c751be2e0972028d9db85fc595434	code, metadata, manifest, or small benchmark result
manuscript/presubmission_inquiry/03_novelty_evidence_matrix.tsv	github	1293	0.001233	7dc69dd8169077ee9350d9f472ce82b4575c59d173deecc05b4edda6a3175e7c	code, metadata, manifest, or small benchmark result
manuscript/presubmission_inquiry/04_editor_claim_boundary_note.md	github	773	0.000737	c9c1e9049d9c3af519c656d5e3d3fe5fa2f30def3d5ef641a86931edf093d47b	code, metadata, manifest, or small benchmark result
manuscript/provenance/SUBMISSION_PROVENANCE_AUDIT.tsv	github	7560	0.00721	50890afee191990c6166ce8fac67c31f7e1608e3bd22cfc8d68010f12c228640	code, metadata, manifest, or small benchmark result
manuscript/provenance/SUBMISSION_PROVENANCE_REPORT.md	github	868	0.000828	489662277c74e0395d739d4b0cce38927de4bce6cc198b49b69cb7d1fb6aa94f	code, metadata, manifest, or small benchmark result
manuscript/references/SCI_MANUSCRIPT_V1_referenced.md	github	14763	0.014079	10963b795d1701689ae55cf7ba45c9df52913f455c20287c578d526bb4d7930e	code, metadata, manifest, or small benchmark result
manuscript/references/SCI_REFERENCES.bib	github	4032	0.003845	71e38ceaded7f5c62c3ba974ddecec83342dd278cfaccddb39f3c217c5f39a62	code, metadata, manifest, or small benchmark result
manuscript/references/SCI_REFERENCES.md	github	2641	0.002519	f0674de7b8683413a0b33060dfb8d5801915b9f8e6c1a6ee3f3a98b3f64d8621	code, metadata, manifest, or small benchmark result
manuscript/references/SCI_REFERENCES_VERIFIED.tsv	github	3550	0.003386	0dafa93af7db3188ec0b112c147d74251eec244819f63d733fd7e5d49ef4f9e9	code, metadata, manifest, or small benchmark result
manuscript/references/SCI_REFERENCE_GAP_REPORT.md	github	391	0.000373	9c1803f5c46f7001db05ec5469e67bfe92d41ebfa6a7adc54bf7dbacaa97702c	code, metadata, manifest, or small benchmark result
manuscript/references/SCI_REFERENCE_PLACEHOLDER_MAP.tsv	github	640	0.00061	80b0966ca9acd975f4a525a1f98522cc4526734bfc03d603c2678eee8b1e2d44	code, metadata, manifest, or small benchmark result
manuscript/response_transfer/00_decision_tree.md	github	2646	0.002523	903802f293a5be44beaeb8e334af406a29d34671b6a2273b2f6cd00dc9a65b6e	code, metadata, manifest, or small benchmark result
manuscript/response_transfer/01_editorial_rejection_response_template.md	github	1231	0.001174	fc6dc746c823c930a26230c4a25782e0e8f70edd277d19844a76c9b70b7567b1	code, metadata, manifest, or small benchmark result
manuscript/response_transfer/02_reviewer_response_skeleton.md	github	1440	0.001373	0525da5f6eda84974b2c56d938a029d50b85ab17a7ebcb9f63d43322c4c7f52d	code, metadata, manifest, or small benchmark result
manuscript/response_transfer/03_transfer_package_by_journal.tsv	github	3909	0.003728	626e8dede2f1e9c4bf3403155d0be71cd94c2b54830364d007b6845eef310283	code, metadata, manifest, or small benchmark result
manuscript/response_transfer/04_target_specific_rewrite_actions.tsv	github	2021	0.001927	d52a48cd4d294586dd61fa4fea7db2b7e2b5e35744c9fafd0a660b560e34ad21	code, metadata, manifest, or small benchmark result
manuscript/response_transfer/05_do_not_claim_checklist.md	github	1560	0.001488	632c0b948944a29eb8ea51ea2093a9dc6da1074e0b33fafd48df6863911af029	code, metadata, manifest, or small benchmark result
manuscript/reviewer_objection_response_table.tsv	github	4451	0.004245	c0524e217fa3d3e0f13ea8ab414113a99aa1b508bf8669cef25fd1e9341da926	code, metadata, manifest, or small benchmark result
manuscript/submission_metadata/AFFILIATIONS_TEMPLATE.tsv	github	94	9e-05	d853bc7d7290864bdcf582a93bb0857d08da0a39daea985f3efb776acb7335a2	code, metadata, manifest, or small benchmark result
manuscript/submission_metadata/AUTHOR_CONTRIBUTIONS_CREDIT_TEMPLATE.tsv	github	406	0.000387	301f63d2acc119ec24e13eabd1da29a85a1e5a66740bacc21220472ae1707ec7	code, metadata, manifest, or small benchmark result
manuscript/submission_metadata/AUTHOR_METADATA_TEMPLATE.tsv	github	267	0.000255	126d422d2237cf1201ec2f2c26858840a80ba91f076c9d48cec1062f900cff32	code, metadata, manifest, or small benchmark result
manuscript/submission_metadata/COMPETING_INTERESTS_TEMPLATE.md	github	301	0.000287	d0ddee935d90dd3c2827470de55379da6082072278c5735735df92659af44aaf	code, metadata, manifest, or small benchmark result
manuscript/submission_metadata/ETHICS_AND_DATA_USE_STATEMENT.md	github	607	0.000579	0081ee2450cecc87818d0e9b4e73852754d673b78f9c69156afb406e7ada3f70	code, metadata, manifest, or small benchmark result
manuscript/submission_metadata/SUBMISSION_SYSTEM_METADATA_CHECKLIST.tsv	github	608	0.00058	9ae1771ac7c71f04cc13942632f6be058a173a8d24f251ce471da1996b5b1aea	code, metadata, manifest, or small benchmark result
manuscript/submission_upload_package/DOCX_LAYOUT_CHECK.tsv	github	724	0.00069	9f6eb04e2367fd5cbc43e97c89f7d6d27a1c52682fd6fb846fef2c56d0a338a1	code, metadata, manifest, or small benchmark result
manuscript/submission_upload_package/DOCX_TEXT_EXTRACTION_CHECK.md	github	534	0.000509	59c3aef2145b54aa6c5207844653aa51e2c66bbba2de29c4c48d3de25abf1699	code, metadata, manifest, or small benchmark result
manuscript/submission_upload_package/README.md	github	1705	0.001626	1bb5ac3b544a1dd2952f4413ee3ac5ab1461f0d7a0d61b184cdd37fd84cb21de	code, metadata, manifest, or small benchmark result
manuscript/submission_upload_package/SheafSignal_cover_letter_NatureMethods.docx	github	37538	0.035799	9275c036070ab8c71788921dcdd9e6b6d2d56386c284d680f9386e38f495bfb2	code, metadata, manifest, or small benchmark result
manuscript/submission_upload_package/SheafSignal_main_manuscript_v2.docx	github	43009	0.041017	a9e304dddffc900524f7bdf0a31fcee9c8f73e4c77584d924b2e0966e8f6abba	code, metadata, manifest, or small benchmark result
manuscript/submission_upload_package/SheafSignal_supplementary_information.docx	github	37797	0.036046	ac2aef3a6725721da25e3f47941ee12c239d44d52feb54a155151c50e5f6452e	code, metadata, manifest, or small benchmark result
manuscript/submission_upload_package/main_figure_upload_manifest.tsv	github	1306	0.001245	c61959c9acaab34077f7aaafddac3524c203f88b1ddabc24997caab0d5d5e89c	code, metadata, manifest, or small benchmark result
manuscript/submission_upload_package/main_figures/publication_figure1_sheafsignal_concept.pdf	github	22467	0.021426	fd3cd956004c7763cf659e83fa79275944c91385f93d7d0ba09ed9a9c6b837ee	code, metadata, manifest, or small benchmark result
manuscript/submission_upload_package/main_figures/publication_figure2_component_recovery.pdf	github	12772	0.01218	d27d0bae33fc7323045428d8b40bd3e11455e3aac6c54c12c46fa077569754fc	code, metadata, manifest, or small benchmark result
manuscript/submission_upload_package/main_figures/publication_figure3_tme_summary.pdf	github	16396	0.015636	4433361f7e627aba625e94094bb44d66305f94ee285ef4539269c699d62da972	code, metadata, manifest, or small benchmark result
manuscript/submission_upload_package/main_figures/publication_figure4_gse154778_claim_gating.pdf	github	26116	0.024906	c9461ca39fb42433c2a5044d5d320eb75e56134230184184c3d69c76ae7755db	code, metadata, manifest, or small benchmark result
manuscript/submission_upload_package/main_figures/publication_figure5_comparator_alignment.pdf	github	27548	0.026272	9c686841c833a585f843ffa5088179284562f93d48ab6574c3488f6673758c73	code, metadata, manifest, or small benchmark result
manuscript/submission_upload_package/submission_upload_manifest.tsv	github	2803	0.002673	e32ef92cc8c20ae651a65155de48e566489fae15459a80f92d58e10fb730c237	code, metadata, manifest, or small benchmark result
manuscript/submission_upload_package/submission_upload_preflight_checklist.tsv	github	2337	0.002229	c7d5e283ab5dbe987188720ebcd18792dc9773bfdec045d7b30c04de4a80d2df	code, metadata, manifest, or small benchmark result
manuscript/supplementary_quality/SUPPLEMENTARY_ARTIFACT_AUDIT.tsv	github	17382	0.016577	1e172db9ba521dd5274c58bf18c5f1629bee5cb2c57b71661307d25299a0b0a2	code, metadata, manifest, or small benchmark result
manuscript/supplementary_quality/SUPPLEMENTARY_ARTIFACT_REPORT.md	github	550	0.000525	c06cb6c6ab68d6198c8cf21fd6f563048d2c3937a7a4f4f1e13888f84fdac0a3	code, metadata, manifest, or small benchmark result
metadata/datasets.tsv	github	4527	0.004317	1660cfc5a2785a031714fed76ec5068cc67acdfaeb43575e4415d67d1a4e403a	code, metadata, manifest, or small benchmark result
metadata/tme_ligand_receptor.csv	github	696	0.000664	43ef0bd1e23593d4c71df7ecdffddcf6b80c34106b89e3d32a851a882f76a806	code, metadata, manifest, or small benchmark result
metadata/tme_ligand_target_prior.csv	github	1914	0.001825	b9febed578368829db354f5d630a23a92139242381eb9b23503076332255d63a	code, metadata, manifest, or small benchmark result
metadata/tme_pathway_genes.txt	github	145	0.000138	54b405024d854b1694e2704e9a5d79b80972496cbafaa62829e41ce15e9834bc	code, metadata, manifest, or small benchmark result
pyproject.toml	github	1367	0.001304	ce849ccaedbf7f9f81013db6932326487eb21f17f1b681a1be29efcc63087f27	code, metadata, manifest, or small benchmark result
results/.gitkeep	github	1	1e-06	01ba4719c80b6fe911b091a7c05124b64eeece964e09c058ef8f9805daca546b	small auxiliary repository file
results/frustration_permutation_pvalues.csv	github	605	0.000577	7fbbb2379b0bda992082cdb9bda5b3557e618ac6d1a38e50d5d5101a5934c1e7	small auxiliary repository file
results/global_permutation_pvalues.csv	github	487	0.000464	1299e210cd359f4df338c12c4aacbac7a921fde9b40a1c35d06eb04dd266e56a	small auxiliary repository file
results/hodge_decomposition_scores.csv	github	1309	0.001248	a7b46a313b877f81a754fa51f2c0e0798c76768de31a54341c889c301ce09b84	small auxiliary repository file
results/sheaf_energy_by_edge.csv	github	7441	0.007096	6ad299fff2b4e476367c5d2b1d174876b07b014191107e68139cb1104d417f57	small auxiliary repository file
results/sheaf_energy_permutation_pvalues.csv	github	2324	0.002216	f9bf7d54ae45655bbd7d8d6c9971c2d02d93484dfa2d87b0bd496228fdade2c1	small auxiliary repository file
scripts/_bootstrap.py	github	280	0.000267	9774ce2acf11b13b2843a4f0753d3852a9dde9d84cdb7a2f8f3563d563885c77	code, metadata, manifest, or small benchmark result
scripts/bootstrap_gse154778_stability.py	github	11862	0.011312	895feb4a0d450baab0400a499b3d31896a67df461f053421ff1e2456bb7ca3df	code, metadata, manifest, or small benchmark result
scripts/build_figure_legend_package.py	github	18351	0.017501	826ccce10130f471372b47055a56a86fcc2929a063babc02bef4195fea9e74f5	code, metadata, manifest, or small benchmark result
scripts/build_formal_sci_manuscript.py	github	25518	0.024336	da2780ddd7ff065c9e580445e8b1ad287104961130eb13c9e43e652d36418a0f	code, metadata, manifest, or small benchmark result
scripts/build_journal_target_board.py	github	10662	0.010168	624802185798f9d35fa348548c19411c710cfaf5507e60c5f7bf78080d0cc642	code, metadata, manifest, or small benchmark result
scripts/build_nature_methods_submission_package.py	github	30883	0.029452	d3ddd4c6cda381ec665750dc6709c1b84267b9a65ca569a20872bec449b23846	code, metadata, manifest, or small benchmark result
scripts/build_novelty_overlap_table.py	github	5541	0.005284	3400b9c40ce05fdca074ea3e6e426865135debb0f5a755745cec419d32ed310e	code, metadata, manifest, or small benchmark result
scripts/build_polished_sci_manuscript_v2.py	github	33871	0.032302	c4fa8b480c913bfb2c3efc4ce1184914fe9d3ee9461857d70acab3653429fdc8	code, metadata, manifest, or small benchmark result
scripts/build_presubmission_inquiry_package.py	github	12228	0.011662	fd38e1aa7f7982a8aab7bf79ac3b1cfb4f07aa4c06f0b2719b3343459e49fdfc	code, metadata, manifest, or small benchmark result
scripts/build_reference_package.py	github	13242	0.012629	a2120a17621752b802e8fc53250d3b1ed65d1b1423e613b68cece918e720d7f0	code, metadata, manifest, or small benchmark result
scripts/build_reproducibility_release.py	github	8328	0.007942	e2450ebdc88c80d4b63b057beff15892c6aeb3a5dbff429db912db98f6abde49	code, metadata, manifest, or small benchmark result
scripts/build_response_transfer_package.py	github	21310	0.020323	c15b7fbb74664dfc967ae2a77634e9c7a21c0aa5b05f3d2a13e99efd809381c8	code, metadata, manifest, or small benchmark result
scripts/build_reviewer_objection_table.py	github	29209	0.027856	3c04eed86661e319705479b0ed4fab7bd19846029d99d7e7548f56d95c73bbe2	code, metadata, manifest, or small benchmark result
scripts/build_sensitivity_panel.py	github	6686	0.006376	e01fed1e0b76fabf962c13925f645f668299e6d4a4e5fec04909382e4a8be207	code, metadata, manifest, or small benchmark result
scripts/build_submission_metadata_templates.py	github	7759	0.0074	5925cc0fbc5463b1ddd3bc87216f77fc644aa31090fb75819e410e027d761036	code, metadata, manifest, or small benchmark result
scripts/build_submission_readiness_report.py	github	10684	0.010189	d85a0103ee7357ac21cd704c54f0506721b4eb7edef2a9f817aeb601a91a43d1	code, metadata, manifest, or small benchmark result
scripts/build_submission_upload_package.py	github	33864	0.032295	a7450dac7fbc14829327eca83b7ea86e8144bce309038edc02178c5bddda3561	code, metadata, manifest, or small benchmark result
scripts/build_zenodo_deposition_package.py	github	6427	0.006129	f7b914db8f520d67f5fbce93814e187d66e37a4f8613e29b6ba653a07bc76aa1	code, metadata, manifest, or small benchmark result
scripts/check_benchmark_result_contracts.py	github	17473	0.016664	d3509e15ffd8c910a6d61ede4ef30177bac42067dbea8dfb94afa81b8d5490a4	code, metadata, manifest, or small benchmark result
scripts/check_claim_safety.py	github	8599	0.008201	490ca52b3dca63c86bed6f254f0ad4fd379536ffb384b943c56856b2218ea8cd	code, metadata, manifest, or small benchmark result
scripts/check_external_comparator_readiness.py	github	23427	0.022342	ff03f55d0e5305de21f96daaea4a78186a7a4abe471da2fb5e14de8fcc3e4f76	code, metadata, manifest, or small benchmark result
scripts/check_final_submission_blockers.py	github	39997	0.038144	88af0a051821fc4a3622c13383a580faeab787ec9983979d3a57fc54a90e090f	code, metadata, manifest, or small benchmark result
scripts/check_main_figure_quality.py	github	10716	0.01022	21453fd47045097452cdd2b6d46025dc97f8bbcdb9757008bfdeb02386aa3052	code, metadata, manifest, or small benchmark result
scripts/check_manuscript_claim_hardening.py	github	4768	0.004547	0585343374ff2abc6df6bead23e16c8c5989f3dd3f7a0ccf70752d94d096d698	code, metadata, manifest, or small benchmark result
scripts/check_method_reporting_readiness.py	github	25727	0.024535	578c5d5a3fe43e650ef9d5e667333e1078e7865be995dbfb91a3bb9c3eff0c6d	code, metadata, manifest, or small benchmark result
scripts/check_nature_methods_format.py	github	8655	0.008254	19fc7089e51c66ef3c06e34c3158fdbaaece9f12b0dcc40875420b7b95cdc3bf	code, metadata, manifest, or small benchmark result
scripts/check_submission_provenance.py	github	15102	0.014402	1fd13d3a2e46879b2261d878fe7b667881a573c936926b509359041c6641ca38	code, metadata, manifest, or small benchmark result
scripts/check_supplementary_artifacts.py	github	14415	0.013747	bdc389cfc9583cc4ce5bf0b466d9b42a864ef8528aaa4ff16f5618a14b99a5fa	code, metadata, manifest, or small benchmark result
scripts/download_public_datasets.py	github	7415	0.007071	87c3826ab72e95faa5d5b8b51203f7603ab5716de0f0d3ba14c491dbb0269ab2	code, metadata, manifest, or small benchmark result
scripts/export_comparator_inputs.py	github	9036	0.008617	72ef3c1da5ef726a609892ecec4d93c739cfbf2dd2bb61e874a58e8f2a4dca99	code, metadata, manifest, or small benchmark result
scripts/finalize_zenodo_doi.py	github	4429	0.004224	4c5b93c09cc82bdee3d9d566d3639debe81a8200ec83e5bc8c8f226cf10dbeb4	code, metadata, manifest, or small benchmark result
scripts/generate_simulation_benchmark.py	github	1954	0.001863	3460bc43eaf38902f0d45a4196492984be233ec0e5128ef45dd5871bace48f9b	code, metadata, manifest, or small benchmark result
scripts/import_external_comparator.py	github	5976	0.005699	bb12b0d34872b622ae27dd8ac45058abe8c05bcce153da83992c5dcef36498d7	code, metadata, manifest, or small benchmark result
scripts/make_publication_figures.py	github	31840	0.030365	cff5e0e26e66ac240aae1ea3033c4891394fbba2e16d8a08997b2e8ed76ba39c	code, metadata, manifest, or small benchmark result
scripts/package_release_archives.py	github	6029	0.00575	479122b1c7815d93669b8254797123649f371e296f8b3d70cd892dbf1741c5f2	code, metadata, manifest, or small benchmark result
scripts/prepare_public_datasets.py	github	10877	0.010373	842d2b5776d3c05d453331e67f3fb7e0d160df015c6f70590199179541108a90	code, metadata, manifest, or small benchmark result
scripts/qc_gse154778_annotation.py	github	12338	0.011766	2f4cf7ff2489c8cdea278066a4eb559593f871e72d6ee7543d50b2acc669446e	code, metadata, manifest, or small benchmark result
scripts/qc_gse154778_claim_gating.py	github	16408	0.015648	25d596439f8d4ea90c52cc4ce29bc608755c065fd3d50668830e871d400b5076	code, metadata, manifest, or small benchmark result
scripts/qc_tenx_visium_spatial.py	github	13555	0.012927	eea4ea79a9e0478d3c56ea8e802687dfa8b8c9d5b86c0dcade1ccb64086fcac5	code, metadata, manifest, or small benchmark result
scripts/reannotate_gse154778_scanpy.py	github	13827	0.013186	d62cb7699c3914b2fa9bfab145c5fa9e8a61a8182621a75c7183c3b9c0cde64f	code, metadata, manifest, or small benchmark result
scripts/release_audit.py	github	2578	0.002459	d6986c8f6baeb74670d5df9c8a78a154f76125a3b71ec067723ce6ee485cc34f	code, metadata, manifest, or small benchmark result
scripts/run_cellchat_comparator.R	github	2521	0.002404	85e71b0a0bbe841f0851d7fd316185d64993e533ccd4df3dcf3668a10e692970	code, metadata, manifest, or small benchmark result
scripts/run_cellphonedb_comparator.py	github	13342	0.012724	9d2918502674c293642dc929d269b99119a9a4a25c5007b3fad77b30fb935e16	code, metadata, manifest, or small benchmark result
scripts/run_demo.sh	github	709	0.000676	2dea87b5707beb482b021c0a849230a6a8499b3a8256ce739418362feb881376	code, metadata, manifest, or small benchmark result
scripts/run_liana_comparator.py	github	12584	0.012001	e68f690c15c5c80c7c3d633faa8712b6b3b7d5035d111d3398499512bb948dd6	code, metadata, manifest, or small benchmark result
scripts/run_mechanistic_prior_comparator.py	github	11313	0.010789	2f1e8577bde59fc649864e1f040803b34ef4c64831e53b36537e22ab04b665f0	code, metadata, manifest, or small benchmark result
scripts/run_nichenet_prior_comparator.R	github	10487	0.010001	b25f6cf501b3949d670ac4882783e1031f637eb54c34ec8c5ff768cc715e70ee	code, metadata, manifest, or small benchmark result
scripts/run_tme_benchmark.py	github	12389	0.011815	821f528f791d6d08aa6a152b853b93aa2761019dc314ca78b0e9b295cab7ed27	code, metadata, manifest, or small benchmark result
scripts/sample_level_gse154778_stability.py	github	10569	0.010079	77673a262a575c108832283736ff39880c2df4acc9e0883a1fe405f4447c0730	code, metadata, manifest, or small benchmark result
scripts/stratify_gse154778_lesion.py	github	10825	0.010324	608f5974eacd6c2db15b1d88516870cf7eb50d436b2d39541d1a7505d51920dd	code, metadata, manifest, or small benchmark result
scripts/sync_external_comparator_status.py	github	5867	0.005595	945d1034733ece12df36a307dd010b9abcb65e8d6e84c7e040951ad2f31871ef	code, metadata, manifest, or small benchmark result
scripts/upload_zenodo_deposition.py	github	12434	0.011858	c13985d92fc0ceceabbd63a705ee97f6bcbc1031f65b8adb300c60d3710135c7	code, metadata, manifest, or small benchmark result
src/sheafsignal/__init__.py	github	169	0.000161	ee95305f4ba34adc4ca2a2b1cd7cd7fe69ea4e7ac45ad5e3df680cb0c09a5cb5	code, metadata, manifest, or small benchmark result
src/sheafsignal/adapters.py	github	38620	0.036831	6db8805a43cfd80f02d8e580601d1e93b2d6e4b607b791d20f2f9daa2e481267	code, metadata, manifest, or small benchmark result
src/sheafsignal/cli.py	github	4386	0.004183	b8696385424d027c372336523aca696fb21063ec8de69370c8c508642a10c4e5	code, metadata, manifest, or small benchmark result
src/sheafsignal/comparators.py	github	16090	0.015345	8b5ff6f0f6b32542d8b4e9cabeb899de4c530ba4eef1bb0a635aae13ea2c2964	code, metadata, manifest, or small benchmark result
src/sheafsignal/core.py	github	8100	0.007725	dce5130ff5a4172a2e58ad261bb1d45ba7353b1a654dffbcc7f38649610a9eaf	code, metadata, manifest, or small benchmark result
src/sheafsignal/hodge.py	github	6193	0.005906	07673902ee93530977eb1d8eb55e88cdea0aee947e4639ce7853ae707b4569d2	code, metadata, manifest, or small benchmark result
src/sheafsignal/io.py	github	2845	0.002713	0c99c638d2f6f8783177b5a8431f336459cf2ab52411bbe2f0744b168c52072a	code, metadata, manifest, or small benchmark result
src/sheafsignal/manifest.py	github	3360	0.003204	312380ae3e6d644c7fd256dec00b20d15f39090a4c25a8b4c430c22b31539be8	code, metadata, manifest, or small benchmark result
src/sheafsignal/pipeline.py	github	9938	0.009478	a46e7f5784e86e178724969a8e34803d212885c75516ce468f0f48299ab3c873	code, metadata, manifest, or small benchmark result
src/sheafsignal/plotting.py	github	2898	0.002764	7b6df12269fc6df4b9c366a2e9914dbc458ebaa94c409e54f8519126b4d5ceff	code, metadata, manifest, or small benchmark result
src/sheafsignal/simulate.py	github	2983	0.002845	ad7620c18c3e6e8231fbebcc05f2ad28e1e76f800765fa699249f4ee0f7cbdfa	code, metadata, manifest, or small benchmark result
src/sheafsignal/spatial.py	github	9522	0.009081	bee43bcd96c7141b0def6c58e3f33ef309f0ac62d6c5be272e5e5bd9cb08297d	code, metadata, manifest, or small benchmark result
src/sheafsignal/stats.py	github	10992	0.010483	2440d0add2b8aa0558ac1c08ba7f2c279c2681fcee9a9626c0008d58ab1caeea	code, metadata, manifest, or small benchmark result
tests/conftest.py	github	375	0.000358	a299ac90987f73dcca5431d6db0bbb80f949510ebff7818d364d2cf7024b0606	code, metadata, manifest, or small benchmark result
tests/test_benchmark_result_contracts.py	github	8479	0.008086	1bfc4b0aee71d4b0b68b7d7cfa940c4f8202b5c2a5caa3993ae4e6a1f93a946c	code, metadata, manifest, or small benchmark result
tests/test_claim_safety.py	github	2449	0.002336	dfebe9c8ffb894f849ae111f10577a0e0d73db8e1dd0c37d0571a66ed1940e0a	code, metadata, manifest, or small benchmark result
tests/test_comparators.py	github	4669	0.004453	73d264dace01824c93ddd17cacadfefa2ba553212928ea41b0b458f26ef78cd5	code, metadata, manifest, or small benchmark result
tests/test_external_comparator_readiness.py	github	13420	0.012798	619c6927fc8f809117c441f326a3e279e34c3844723b7eb9a240d36dbfd2b83e	code, metadata, manifest, or small benchmark result
tests/test_external_comparator_scripts.py	github	26240	0.025024	3e508f0c0c8ea61ab50d1cbe22f1535e03466dc17ad6a3bee566ed6dee6a424c	code, metadata, manifest, or small benchmark result
tests/test_figure_legend_package.py	github	5593	0.005334	0c437b29bb777f40ee6ae3e185782a28c02f6cc1aae9493a2ee621c7c5e886e0	code, metadata, manifest, or small benchmark result
tests/test_final_submission_blockers.py	github	10614	0.010122	a4b2232037d0443c78c02ed8f1ff58dc21fdec5804eb3ce528585f5d1def307c	code, metadata, manifest, or small benchmark result
tests/test_formal_sci_manuscript.py	github	3976	0.003792	87494db1de4bb62071938ec49fb8a06b6a3836838ca388c400e375b370dbb837	code, metadata, manifest, or small benchmark result
tests/test_gse103322_adapter.py	github	2980	0.002842	57f4eb620b185fba34a294b77788bc22f1ce0f37053b65891a4f9985b9899b22	code, metadata, manifest, or small benchmark result
tests/test_gse154778_adapter.py	github	9394	0.008959	ac84a1279daa20d10a3a2a10d3bcc45c9c739ae81e765eec906228d0aef25191	code, metadata, manifest, or small benchmark result
tests/test_gse154778_bootstrap.py	github	2681	0.002557	37e4af79eeca91a31e7533cf8d8dfc362004b7e63ce6100e4a62bc6d7d587c63	code, metadata, manifest, or small benchmark result
tests/test_gse154778_claim_gating.py	github	6601	0.006295	e2fb8f266777d40c294a6796c925e04a87a7a5799804e7f97ccfa957f06ce8ac	code, metadata, manifest, or small benchmark result
tests/test_gse154778_qc.py	github	4242	0.004045	a67d514ce296a32a730845f6e9bb0b409f9d9098daceed475cb5dc5e3d316ff1	code, metadata, manifest, or small benchmark result
tests/test_gse154778_sample_level.py	github	2873	0.00274	b43d6d4934d7009d8b2cda51f70998d5c96b76a5f6e5daadd1a8f202a8d96c09	code, metadata, manifest, or small benchmark result
tests/test_gse154778_stratified.py	github	2944	0.002808	0902206194396102229f702c124e828213c4a199d76a8a5023bb46e554a983f6	code, metadata, manifest, or small benchmark result
tests/test_gse176078_adapter.py	github	8543	0.008147	8147d266ddca3bc55219baa73a7b82e07255007097620a217e54bd0291470ce8	code, metadata, manifest, or small benchmark result
tests/test_gse72056_adapter.py	github	7135	0.006804	f43d74241de0644bf1b9e109a3d6ae4c383a4c899975f0b377335cf16c958bd9	code, metadata, manifest, or small benchmark result
tests/test_hodge.py	github	887	0.000846	aa0ccf2c3d7ec495c54e51661f539cb4b7179d13005bdedd43b77421ddba74a8	code, metadata, manifest, or small benchmark result
tests/test_journal_target_board.py	github	1854	0.001768	c96f782bb5e2a464d77a52d836e0f03d2fd2a3c1d1ffcac36968730331fca75b	code, metadata, manifest, or small benchmark result
tests/test_main_figure_quality.py	github	5168	0.004929	dc2d34b5374da971288fdf7a03bf6f8afb532df17ccd068e229400e6312c7ccb	code, metadata, manifest, or small benchmark result
tests/test_manifest.py	github	3562	0.003397	2cfe164944ae169efc85df85b671a4717fc9723b959af5ada3cfb87529bdfdf7	code, metadata, manifest, or small benchmark result
tests/test_mechanistic_prior_comparator.py	github	3407	0.003249	e4e16b171ef0f4303fbe48bc21bb3cd048f613795833075222f9d97db10615cb	code, metadata, manifest, or small benchmark result
tests/test_method_reporting_readiness.py	github	9042	0.008623	ee92daa7bdd1bbe7ad84285d8bb6ec25ffb4eacd81706c0b73e6b0b97538a293	code, metadata, manifest, or small benchmark result
tests/test_nature_methods_format_audit.py	github	3456	0.003296	5566d48ba3810e360544e0ae9b30c6abe5528e64ac179de218674de8b4476e3d	code, metadata, manifest, or small benchmark result
tests/test_nature_methods_submission_package.py	github	5801	0.005532	c114e99c321e3a4475d9f423e6bd349ee3b4eb31e280049fa84ab150f915739e	code, metadata, manifest, or small benchmark result
tests/test_package_release_archives.py	github	3716	0.003544	bf9d1cb164b013df539f16e9eb7fb77060631c91961ac22fe3b6d11e59cf948d	code, metadata, manifest, or small benchmark result
tests/test_pipeline.py	github	1947	0.001857	d9894350967b0100b25df7461f1b4eb0056381f80da951a232e1e31d0f17caba	code, metadata, manifest, or small benchmark result
tests/test_polished_sci_manuscript_v2.py	github	7647	0.007293	da629543e782815960f7caa229ad42e72ef94e3d009e544058df45f1d3c86c8e	code, metadata, manifest, or small benchmark result
tests/test_presubmission_inquiry_package.py	github	3080	0.002937	eb581767c78c320cc6bae7a9819675f66f2c0a5e78d620f7a4d48ab4af97d59c	code, metadata, manifest, or small benchmark result
tests/test_publication_workflow.py	github	3349	0.003194	2546577e3eec92334623019c38fcb4faecf077ed5710074e707cef92ec977c18	code, metadata, manifest, or small benchmark result
tests/test_reference_package.py	github	2359	0.00225	6d35b77db3f1b554dcf0a6efc80bdeb70d7cec55ff0cfefd80c138875e442536	code, metadata, manifest, or small benchmark result
tests/test_reproducibility_release.py	github	2139	0.00204	0ede946fa937feff2f4b693a96d18bb18b9d3547c7351ade7feba604cba7dc8f	code, metadata, manifest, or small benchmark result
tests/test_response_transfer_package.py	github	3985	0.0038	66cacba2c42c88ebfa8131cdc55bfdd3327ad8adb6b6b580ad596b2724044e25	code, metadata, manifest, or small benchmark result
tests/test_simulate.py	github	578	0.000551	b6a2bd74405b7e2edf396abf6f79088f63f1112865328e8d195e74593a573139	code, metadata, manifest, or small benchmark result
tests/test_stats.py	github	3113	0.002969	b3f380acdbe101b7d6e17bf7b848677d15ca6fabeb28e6650f05212ac4be990e	code, metadata, manifest, or small benchmark result
tests/test_submission_metadata_templates.py	github	1847	0.001761	1a479343fe5317d5951f5fb6046a086af457ceb9fd4229cec8e0541898861fb8	code, metadata, manifest, or small benchmark result
tests/test_submission_provenance.py	github	3315	0.003161	7c6d0b316368e2bbaec72a0c1e2437571ae35e3a900e510933ffad5f123ac091	code, metadata, manifest, or small benchmark result
tests/test_submission_readiness_report.py	github	5506	0.005251	33c8122608a7c6330bf38f4377ffcabc01d110d2cc5affa928147ae61bab8bc8	code, metadata, manifest, or small benchmark result
tests/test_submission_upload_package.py	github	6948	0.006626	dc52034a6d84418c07e4b212c508d8dd2ad1718c128009273c7e0294284e8073	code, metadata, manifest, or small benchmark result
tests/test_supergrok_hardening.py	github	5464	0.005211	0b6bfc9b87b62b41b2bb908c99a2ad908066627db725ca8ff0ffa25c21dd0818	code, metadata, manifest, or small benchmark result
tests/test_supplementary_artifacts.py	github	5142	0.004904	57ac93a28df3286dd1a8ac4589341e22ae1128689d2d1a6bef11ec41443a1a71	code, metadata, manifest, or small benchmark result
tests/test_tenx_visium_adapter.py	github	7356	0.007015	0c6e935296ae7cd4933d2d7a8fccdbfcaf8598093810d166957ac78b1888110a	code, metadata, manifest, or small benchmark result
tests/test_tme_benchmark_tool_comparison.py	github	1615	0.00154	b0711c79418ee341ad75330921f14fa89a95f6037eab46b81b51dbe597eeff5f	code, metadata, manifest, or small benchmark result
tests/test_upload_zenodo_deposition.py	github	5616	0.005356	a0cae223e4097111ab3d050b725ed8bd07bde9c151c406f65b21d5d44e8f6cec	code, metadata, manifest, or small benchmark result
tests/test_zenodo_deposition_workflow.py	github	4987	0.004756	b3b132a41c4d67ae7f1229cf220593df727b1697e57e283af07acc55d72b0921	code, metadata, manifest, or small benchmark result
workflow/Snakefile	github	2302	0.002195	65be892a93aa8188f6102e90536d68e8129605717dc3f31cc6513d240bda8775	small auxiliary repository file
workflow/config.yaml	github	169	0.000161	b7538a72b4f422e8b3744678d3902b109a57df1b06ed2af90eb1846ee40f3736	small auxiliary repository file
