gate_id	priority	owner	current_status	evidence	required_action	validation_command	unlocks	claim_boundary
G01_github_auth	blocking	user_then_codex	valid	GitHub CLI auth status must show logged in; token content must never be printed.	No user action needed; Codex can use GH_TOKEN from the local token file.	python scripts/check_external_release_authorization.py	Allows Codex to create or push the public repository.	This is an account authorization gate, not a scientific evidence gate.
G02_public_github_repo	blocking	codex_after_auth	origin_configured_push_pending	https://github.com/healthgreat/SheafSignal.git	Create or connect a public GitHub repository and push the frozen branch.	git remote -v; git ls-remote origin HEAD	Creates the public code URL required by Data and Code Availability.	A public repository improves reproducibility but does not guarantee acceptance.
G03_release_tag	blocking	codex_after_github	pending	target release tag: v0.1.0	Create an immutable release tag after final audits pass.	git tag --list v0.1.0	Provides a frozen citable code state for Zenodo and reviewers.	Do not tag before GitHub URL, author metadata, and DOI plan are aligned.
G04_zenodo_doi	blocking	user_then_codex	blocking_pending	blocking_pending	Upload the frozen archive or provide a Zenodo token, then mint a real DOI.	python scripts/check_release_metadata_placeholders.py	Removes DOI blockers in dataset manifest and Data Availability.	Mint DOI only after the release archive is final; do not mint an incomplete release.
G05_metadata_insertion	blocking	codex_after_doi	pending_real_github_url_and_doi	CITATION, pyproject, .zenodo metadata, datasets.tsv, and Data Availability still need real identifiers.	Insert public GitHub URL and Zenodo DOI into all release and manuscript metadata.	python scripts/check_release_metadata_placeholders.py	Converts release metadata from placeholder state to submission-ready state.	Identifier insertion is administrative; scientific claims remain bounded by claim gates.
G06_public_clean_clone	blocking	codex_after_public_release	pending	Local clean-export preflight is not a substitute for a public clean-clone run.	Clone the public repository into a fresh directory and rerun demo plus audits.	python -m pytest; python scripts/release_audit.py	Provides reviewer-grade reproducibility evidence.	Clean-clone success supports reproducibility, not biological causality.
G07_author_confirmation	blocking	authors	AUTHOR_CONFIRMATION_READY	manuscript/submission_metadata/AUTHOR_CONFIRMATION_PACKET.md	No action needed; author-owned declarations are applied.	python scripts/check_author_confirmation_preflight.py; python scripts/check_final_submission_blockers.py --report-only	Allows final journal upload metadata to be filled honestly.	Author metadata cannot be inferred or fabricated by code.
S01_external_beta_review	strengthening	user_or_codex_packet	recommended_not_required_for_local_go	external_ai_review_packet and reviewer quickstart are prepared.	Send the package to 2-3 independent computational biology readers and triage responses.	manual review return; update reviewer response matrix	Reduces high-impact reviewer risk around novelty and reproducibility.	External review improves defensibility but does not guarantee acceptance.
S02_submission_day_metric_check	strengthening	codex	pending_submission_day	IF, CAS zone, and warning-list status can change.	Recheck journal metrics, CAS zone, and warning status on the submission day.	rerun journal metric audit immediately before submission	Prevents stale journal-positioning statements.	Metric checks guide routing; they are not scientific evidence.
